Channel,Counts
0,0
1,0
2,0
3,0
4,0
5,0
6,0
7,0
8,0
9,0
10,0
11,0
12,0
13,0
14,0
15,0
16,0
17,0
18,0
19,0
20,0
21,0
22,0
23,0
24,0
25,0
26,0
27,0
28,0
29,0
30,0
31,0
32,0
33,0
34,0
35,0
36,0
37,0
38,0
39,0
40,0
41,0
42,0
43,0
44,0
45,0
46,0
47,0
48,0
49,0
50,0
51,0
52,0
53,0
54,0
55,0
56,0
57,0
58,0
59,0
60,0
61,0
62,0
63,0
64,0
65,0
66,0
67,0
68,0
69,0
70,0
71,0
72,0
73,0
74,0
75,0
76,0
77,0
78,0
79,0
80,0
81,0
82,0
83,0
84,0
85,0
86,0
87,0
88,5
89,3
90,3
91,8
92,9
93,12
94,12
95,9
96,11
97,5
98,9
99,7
100,13
101,7
102,7
103,11
104,9
105,11
106,9
107,10
108,12
109,14
110,7
111,9
112,8
113,11
114,7
115,8
116,12
117,8
118,6
119,5
120,8
121,12
122,6
123,15
124,10
125,14
126,17
127,9
128,16
129,7
130,14
131,9
132,8
133,7
134,12
135,7
136,6
137,3
138,6
139,9
140,9
141,10
142,12
143,9
144,12
145,12
146,12
147,11
148,21
149,18
150,7
151,11
152,10
153,10
154,16
155,12
156,11
157,12
158,11
159,9
160,10
161,10
162,13
163,14
164,8
165,11
166,7
167,11
168,10
169,8
170,8
171,9
172,5
173,5
174,11
175,10
176,14
177,7
178,9
179,7
180,9
181,13
182,11
183,13
184,10
185,11
186,9
187,11
188,9
189,11
190,13
191,18
192,10
193,14
194,9
195,12
196,8
197,7
198,15
199,19
200,11
201,14
202,13
203,14
204,11
205,8
206,12
207,8
208,14
209,25
210,11
211,10
212,14
213,13
214,11
215,13
216,16
217,22
218,15
219,12
220,9
221,17
222,13
223,13
224,18
225,14
226,14
227,23
228,22
229,15
230,17
231,18
232,27
233,20
234,21
235,17
236,18
237,14
238,14
239,19
240,19
241,18
242,25
243,22
244,16
245,19
246,30
247,22
248,16
249,20
250,15
251,25
252,21
253,22
254,28
255,24
256,29
257,27
258,17
259,36
260,22
261,28
262,26
263,37
264,16
265,25
266,24
267,35
268,34
269,29
270,25
271,24
272,28
273,30
274,30
275,28
276,28
277,25
278,29
279,41
280,32
281,45
282,44
283,49
284,40
285,38
286,50
287,43
288,53
289,45
290,42
291,45
292,53
293,53
294,61
295,41
296,43
297,43
298,41
299,40
300,55
301,35
302,60
303,54
304,49
305,61
306,51
307,61
308,51
309,65
310,79
311,63
312,68
313,60
314,67
315,80
316,77
317,81
318,75
319,74
320,78
321,72
322,77
323,70
324,92
325,77
326,92
327,107
328,95
329,107
330,102
331,88
332,107
333,106
334,103
335,119
336,135
337,108
338,115
339,127
340,112
341,125
342,122
343,133
344,134
345,116
346,146
347,139
348,133
349,136
350,157
351,146
352,171
353,167
354,149
355,181
356,165
357,178
358,194
359,160
360,185
361,188
362,188
363,186
364,199
365,160
366,208
367,207
368,224
369,224
370,216
371,226
372,230
373,259
374,203
375,254
376,268
377,267
378,254
379,307
380,261
381,288
382,272
383,329
384,316
385,297
386,288
387,306
388,331
389,305
390,328
391,327
392,358
393,344
394,395
395,320
396,384
397,373
398,407
399,390
400,398
401,405
402,418
403,427
404,426
405,468
406,432
407,480
408,441
409,508
410,501
411,500
412,503
413,537
414,520
415,519
416,515
417,529
418,574
419,554
420,597
421,538
422,632
423,618
424,608
425,632
426,602
427,598
428,677
429,703
430,694
431,667
432,671
433,759
434,749
435,771
436,756
437,730
438,710
439,802
440,768
441,796
442,806
443,844
444,870
445,855
446,871
447,906
448,938
449,932
450,953
451,880
452,917
453,888
454,979
455,970
456,1034
457,1008
458,1099
459,1017
460,1012
461,1062
462,1067
463,1090
464,1085
465,1098
466,1162
467,1123
468,1187
469,1170
470,1186
471,1232
472,1254
473,1260
474,1279
475,1296
476,1307
477,1357
478,1300
479,1329
480,1317
481,1320
482,1459
483,1387
484,1480
485,1470
486,1471
487,1538
488,1505
489,1602
490,1498
491,1578
492,1659
493,1629
494,1577
495,1625
496,1625
497,1691
498,1743
499,1806
500,1848
501,1714
502,1810
503,1793
504,1875
505,1841
506,1779
507,1937
508,1916
509,1915
510,1937
511,1959
512,1936
513,2037
514,1943
515,2034
516,2069
517,2092
518,2037
519,2154
520,2147
521,2171
522,2193
523,2165
524,2224
525,2211
526,2193
527,2243
528,2308
529,2343
530,2355
531,2386
532,2395
533,2426
534,2396
535,2500
536,2357
537,2534
538,2586
539,2511
540,2538
541,2585
542,2592
543,2595
544,2645
545,2576
546,2696
547,2628
548,2695
549,2801
550,2752
551,2857
552,2933
553,2839
554,2877
555,2849
556,2894
557,2882
558,2875
559,3033
560,3000
561,3089
562,3053
563,3034
564,3146
565,3119
566,3149
567,3137
568,3185
569,3225
570,3252
571,3243
572,3283
573,3332
574,3275
575,3289
576,3387
577,3440
578,3409
579,3417
580,3444
581,3526
582,3473
583,3579
584,3519
585,3652
586,3547
587,3584
588,3705
589,3703
590,3734
591,3605
592,3620
593,3703
594,3710
595,3843
596,3845
597,3710
598,3774
599,3813
600,3854
601,3909
602,3801
603,3996
604,4006
605,3958
606,4056
607,3953
608,4105
609,4147
610,3927
611,3946
612,4121
613,4108
614,4119
615,4135
616,4240
617,4127
618,4177
619,4355
620,4125
621,4277
622,4292
623,4384
624,4346
625,4267
626,4425
627,4407
628,4491
629,4352
630,4338
631,4459
632,4386
633,4319
634,4349
635,4455
636,4539
637,4640
638,4553
639,4720
640,4529
641,4615
642,4593
643,4648
644,4573
645,4679
646,4622
647,4769
648,4675
649,4747
650,4718
651,4690
652,4845
653,4781
654,4788
655,4882
656,4713
657,4832
658,4807
659,4834
660,4906
661,4806
662,4888
663,4849
664,4850
665,5019
666,4835
667,5035
668,4941
669,5031
670,5123
671,5073
672,5069
673,5039
674,4958
675,4970
676,5063
677,5065
678,5033
679,5011
680,5033
681,4975
682,5101
683,5153
684,5199
685,5014
686,5137
687,5079
688,5217
689,5213
690,5174
691,5069
692,5162
693,5173
694,5230
695,5282
696,5185
697,5259
698,5076
699,5199
700,5349
701,5269
702,5251
703,5384
704,5323
705,5267
706,5428
707,5348
708,5366
709,5315
710,5252
711,5267
712,5435
713,5386
714,5249
715,5301
716,5266
717,5376
718,5293
719,5326
720,5486
721,5336
722,5320
723,5305
724,5480
725,5243
726,5446
727,5324
728,5221
729,5186
730,5400
731,5288
732,5436
733,5293
734,5312
735,5287
736,5402
737,5424
738,5515
739,5308
740,5529
741,5334
742,5379
743,5503
744,5419
745,5322
746,5389
747,5427
748,5463
749,5529
750,5271
751,5460
752,5464
753,5292
754,5330
755,5545
756,5514
757,5499
758,5300
759,5362
760,5283
761,5447
762,5405
763,5356
764,5353
765,5310
766,5328
767,5430
768,5344
769,5367
770,5443
771,5522
772,5316
773,5301
774,5444
775,5500
776,5234
777,5467
778,5371
779,5321
780,5280
781,5367
782,5256
783,5279
784,5376
785,5430
786,5306
787,5291
788,5328
789,5317
790,5215
791,5314
792,5394
793,5278
794,5357
795,5121
796,5369
797,5341
798,5159
799,5326
800,5270
801,5358
802,5241
803,5270
804,5263
805,5173
806,5227
807,5253
808,5226
809,5299
810,5193
811,5227
812,5078
813,5191
814,5173
815,5386
816,5242
817,5234
818,5019
819,5154
820,5199
821,5286
822,5110
823,5215
824,5129
825,5232
826,5231
827,5118
828,5059
829,5042
830,5123
831,5086
832,5071
833,5113
834,5015
835,5138
836,5140
837,5196
838,5015
839,5059
840,5137
841,4982
842,4995
843,5078
844,4992
845,5155
846,5076
847,5048
848,5075
849,5070
850,5051
851,4879
852,4959
853,5002
854,4977
855,5073
856,4845
857,4917
858,4849
859,4992
860,4871
861,4844
862,4853
863,4916
864,4969
865,4953
866,4993
867,4907
868,4735
869,4779
870,4880
871,4879
872,4849
873,4831
874,4881
875,4844
876,4804
877,4961
878,4963
879,4883
880,4771
881,4832
882,4767
883,4632
884,4942
885,4644
886,4775
887,4843
888,4710
889,4719
890,4647
891,4747
892,4724
893,4562
894,4756
895,4755
896,4704
897,4720
898,4723
899,4680
900,4772
901,4636
902,4660
903,4621
904,4697
905,4728
906,4618
907,4662
908,4578
909,4651
910,4505
911,4542
912,4570
913,4555
914,4705
915,4700
916,4598
917,4478
918,4584
919,4658
920,4531
921,4644
922,4549
923,4599
924,4334
925,4615
926,4509
927,4396
928,4515
929,4376
930,4455
931,4609
932,4405
933,4421
934,4514
935,4475
936,4349
937,4484
938,4422
939,4443
940,4414
941,4410
942,4511
943,4423
944,4349
945,4317
946,4412
947,4393
948,4387
949,4300
950,4376
951,4512
952,4326
953,4344
954,4363
955,4213
956,4209
957,4287
958,4143
959,4223
960,4195
961,4314
962,4262
963,4316
964,4288
965,4227
966,4266
967,4102
968,4244
969,4186
970,4091
971,4198
972,4040
973,4241
974,4219
975,4079
976,4184
977,4140
978,4112
979,4111
980,4127
981,4130
982,4075
983,4023
984,3965
985,4085
986,4190
987,3972
988,4078
989,3972
990,4042
991,4047
992,4019
993,4103
994,4011
995,4037
996,3934
997,4081
998,4000
999,3960
1000,3945
1001,3878
1002,3936
1003,3910
1004,3932
1005,3882
1006,3979
1007,3963
1008,4015
1009,3981
1010,3833
1011,3919
1012,3940
1013,3760
1014,3845
1015,3852
1016,3845
1017,3927
1018,3852
1019,3916
1020,3830
1021,3883
1022,3886
1023,3736
1024,3877
1025,3767
1026,3859
1027,3737
1028,3781
1029,3717
1030,3809
1031,3804
1032,3886
1033,3881
1034,3736
1035,3756
1036,3685
1037,3705
1038,3834
1039,3708
1040,3738
1041,3668
1042,3730
1043,3631
1044,3668
1045,3711
1046,3708
1047,3752
1048,3788
1049,3729
1050,3639
1051,3513
1052,3636
1053,3640
1054,3653
1055,3609
1056,3613
1057,3633
1058,3508
1059,3590
1060,3632
1061,3562
1062,3675
1063,3528
1064,3530
1065,3602
1066,3541
1067,3524
1068,3629
1069,3558
1070,3548
1071,3513
1072,3479
1073,3519
1074,3434
1075,3445
1076,3468
1077,3554
1078,3446
1079,3548
1080,3535
1081,3441
1082,3508
1083,3528
1084,3472
1085,3510
1086,3378
1087,3413
1088,3478
1089,3444
1090,3463
1091,3522
1092,3465
1093,3363
1094,3452
1095,3343
1096,3450
1097,3338
1098,3439
1099,3396
1100,3388
1101,3365
1102,3396
1103,3402
1104,3280
1105,3373
1106,3356
1107,3284
1108,3301
1109,3310
1110,3339
1111,3398
1112,3256
1113,3223
1114,3083
1115,3248
1116,3281
1117,3193
1118,3213
1119,3196
1120,3289
1121,3350
1122,3134
1123,3272
1124,3149
1125,3231
1126,3283
1127,3219
1128,3278
1129,3212
1130,3117
1131,3125
1132,3211
1133,3185
1134,3257
1135,3141
1136,2984
1137,3251
1138,3083
1139,3228
1140,3214
1141,3063
1142,3122
1143,3131
1144,3124
1145,3077
1146,3140
1147,3099
1148,3080
1149,3152
1150,3060
1151,3112
1152,3137
1153,3129
1154,3091
1155,3124
1156,3116
1157,3003
1158,3022
1159,2902
1160,2991
1161,3001
1162,2914
1163,3033
1164,2919
1165,3028
1166,2932
1167,2989
1168,2956
1169,2943
1170,2935
1171,2847
1172,2953
1173,2988
1174,3016
1175,3034
1176,2926
1177,2954
1178,2932
1179,2940
1180,2837
1181,2879
1182,2972
1183,2819
1184,2885
1185,2906
1186,2828
1187,2972
1188,2875
1189,2747
1190,2865
1191,2829
1192,2856
1193,2952
1194,2817
1195,2819
1196,2779
1197,2828
1198,2888
1199,2833
1200,2853
1201,2767
1202,2859
1203,2834
1204,2825
1205,2831
1206,2804
1207,2838
1208,2857
1209,2739
1210,2819
1211,2768
1212,2708
1213,2769
1214,2740
1215,2899
1216,2734
1217,2834
1218,2698
1219,2769
1220,2759
1221,2674
1222,2765
1223,2744
1224,2758
1225,2767
1226,2792
1227,2694
1228,2673
1229,2721
1230,2762
1231,2773
1232,2667
1233,2662
1234,2774
1235,2659
1236,2663
1237,2578
1238,2669
1239,2652
1240,2734
1241,2655
1242,2578
1243,2643
1244,2593
1245,2572
1246,2578
1247,2548
1248,2565
1249,2656
1250,2632
1251,2509
1252,2633
1253,2607
1254,2474
1255,2595
1256,2573
1257,2590
1258,2608
1259,2541
1260,2518
1261,2559
1262,2532
1263,2591
1264,2525
1265,2588
1266,2441
1267,2519
1268,2490
1269,2524
1270,2454
1271,2567
1272,2383
1273,2623
1274,2469
1275,2472
1276,2440
1277,2401
1278,2430
1279,2456
1280,2490
1281,2464
1282,2389
1283,2449
1284,2512
1285,2378
1286,2377
1287,2413
1288,2406
1289,2465
1290,2466
1291,2453
1292,2360
1293,2423
1294,2461
1295,2381
1296,2345
1297,2336
1298,2403
1299,2357
1300,2384
1301,2419
1302,2430
1303,2341
1304,2405
1305,2372
1306,2311
1307,2403
1308,2370
1309,2406
1310,2257
1311,2291
1312,2417
1313,2281
1314,2429
1315,2293
1316,2380
1317,2318
1318,2323
1319,2256
1320,2247
1321,2291
1322,2224
1323,2230
1324,2312
1325,2156
1326,2274
1327,2258
1328,2300
1329,2312
1330,2236
1331,2285
1332,2228
1333,2189
1334,2174
1335,2234
1336,2192
1337,2278
1338,2217
1339,2221
1340,2171
1341,2242
1342,2209
1343,2132
1344,2185
1345,2239
1346,2185
1347,2260
1348,2223
1349,2201
1350,2204
1351,2175
1352,2168
1353,2198
1354,2172
1355,2212
1356,2207
1357,2187
1358,2254
1359,2176
1360,2131
1361,2075
1362,2180
1363,2137
1364,2140
1365,2126
1366,2165
1367,2079
1368,2057
1369,2189
1370,2102
1371,2102
1372,2147
1373,2069
1374,2129
1375,2098
1376,2096
1377,2131
1378,2066
1379,2026
1380,2087
1381,2079
1382,2130
1383,2068
1384,2030
1385,2104
1386,2096
1387,2109
1388,1998
1389,2041
1390,2169
1391,2090
1392,1983
1393,2012
1394,2024
1395,1961
1396,2025
1397,2084
1398,2019
1399,2012
1400,2024
1401,1994
1402,1909
1403,1898
1404,2079
1405,2011
1406,2007
1407,1935
1408,2024
1409,2006
1410,1994
1411,1909
1412,1925
1413,1910
1414,1929
1415,1974
1416,1987
1417,1927
1418,1882
1419,1817
1420,1897
1421,2017
1422,1983
1423,1986
1424,1992
1425,1900
1426,1938
1427,1882
1428,1879
1429,1980
1430,2004
1431,1936
1432,1985
1433,1947
1434,1904
1435,1963
1436,1873
1437,1943
1438,1910
1439,1940
1440,1856
1441,1869
1442,1874
1443,1898
1444,1851
1445,1882
1446,1872
1447,1899
1448,1884
1449,1860
1450,1921
1451,1883
1452,1731
1453,1835
1454,1776
1455,1815
1456,1824
1457,1819
1458,1795
1459,1872
1460,1910
1461,1811
1462,1744
1463,1797
1464,1809
1465,1791
1466,1813
1467,1741
1468,1812
1469,1701
1470,1837
1471,1831
1472,1759
1473,1757
1474,1814
1475,1780
1476,1809
1477,1868
1478,1747
1479,1846
1480,1770
1481,1751
1482,1661
1483,1847
1484,1734
1485,1753
1486,1707
1487,1759
1488,1772
1489,1716
1490,1696
1491,1691
1492,1680
1493,1692
1494,1725
1495,1771
1496,1710
1497,1724
1498,1661
1499,1689
1500,1672
1501,1743
1502,1687
1503,1646
1504,1706
1505,1633
1506,1746
1507,1692
1508,1746
1509,1686
1510,1642
1511,1587
1512,1607
1513,1656
1514,1692
1515,1692
1516,1692
1517,1636
1518,1628
1519,1678
1520,1637
1521,1607
1522,1641
1523,1647
1524,1654
1525,1637
1526,1622
1527,1669
1528,1559
1529,1575
1530,1571
1531,1603
1532,1571
1533,1608
1534,1603
1535,1569
1536,1598
1537,1560
1538,1666
1539,1555
1540,1604
1541,1596
1542,1574
1543,1557
1544,1653
1545,1557
1546,1579
1547,1499
1548,1589
1549,1527
1550,1587
1551,1536
1552,1545
1553,1545
1554,1507
1555,1544
1556,1505
1557,1519
1558,1505
1559,1542
1560,1606
1561,1538
1562,1491
1563,1553
1564,1528
1565,1435
1566,1522
1567,1515
1568,1529
1569,1496
1570,1569
1571,1498
1572,1477
1573,1461
1574,1467
1575,1469
1576,1462
1577,1498
1578,1486
1579,1430
1580,1453
1581,1478
1582,1520
1583,1432
1584,1474
1585,1399
1586,1409
1587,1404
1588,1490
1589,1417
1590,1448
1591,1428
1592,1439
1593,1428
1594,1350
1595,1408
1596,1457
1597,1378
1598,1414
1599,1462
1600,1418
1601,1400
1602,1467
1603,1447
1604,1329
1605,1476
1606,1463
1607,1451
1608,1455
1609,1428
1610,1412
1611,1435
1612,1385
1613,1395
1614,1459
1615,1368
1616,1373
1617,1488
1618,1305
1619,1426
1620,1310
1621,1392
1622,1421
1623,1353
1624,1324
1625,1363
1626,1350
1627,1355
1628,1376
1629,1336
1630,1350
1631,1332
1632,1367
1633,1356
1634,1325
1635,1311
1636,1346
1637,1360
1638,1294
1639,1371
1640,1348
1641,1325
1642,1375
1643,1335
1644,1285
1645,1286
1646,1278
1647,1314
1648,1365
1649,1339
1650,1304
1651,1348
1652,1339
1653,1332
1654,1271
1655,1343
1656,1285
1657,1232
1658,1297
1659,1272
1660,1274
1661,1260
1662,1308
1663,1297
1664,1297
1665,1342
1666,1318
1667,1267
1668,1274
1669,1234
1670,1293
1671,1258
1672,1273
1673,1226
1674,1257
1675,1283
1676,1256
1677,1221
1678,1259
1679,1288
1680,1236
1681,1283
1682,1253
1683,1216
1684,1207
1685,1263
1686,1214
1687,1175
1688,1252
1689,1265
1690,1274
1691,1229
1692,1258
1693,1200
1694,1187
1695,1253
1696,1208
1697,1239
1698,1228
1699,1214
1700,1263
1701,1209
1702,1224
1703,1140
1704,1169
1705,1201
1706,1097
1707,1214
1708,1204
1709,1188
1710,1220
1711,1168
1712,1119
1713,1206
1714,1105
1715,1119
1716,1191
1717,1186
1718,1100
1719,1135
1720,1198
1721,1182
1722,1203
1723,1121
1724,1147
1725,1219
1726,1090
1727,1126
1728,1182
1729,1188
1730,1146
1731,1143
1732,1163
1733,1144
1734,1124
1735,1114
1736,1182
1737,1065
1738,1091
1739,1059
1740,1152
1741,1132
1742,1070
1743,1127
1744,1075
1745,1103
1746,1096
1747,1089
1748,1104
1749,1119
1750,1099
1751,1115
1752,1127
1753,1145
1754,1056
1755,1110
1756,1086
1757,1122
1758,1077
1759,1021
1760,1067
1761,1137
1762,1040
1763,1034
1764,1115
1765,1071
1766,1056
1767,1057
1768,1060
1769,1077
1770,990
1771,1077
1772,1094
1773,1112
1774,1040
1775,1101
1776,1045
1777,1010
1778,982
1779,1064
1780,1047
1781,1091
1782,1081
1783,1045
1784,1059
1785,1084
1786,1036
1787,988
1788,1040
1789,1042
1790,1017
1791,995
1792,1055
1793,1028
1794,1033
1795,991
1796,949
1797,953
1798,1072
1799,976
1800,1004
1801,963
1802,1004
1803,1001
1804,997
1805,1001
1806,969
1807,1005
1808,985
1809,964
1810,995
1811,970
1812,1005
1813,988
1814,956
1815,1012
1816,1031
1817,1020
1818,945
1819,1014
1820,986
1821,958
1822,970
1823,964
1824,976
1825,968
1826,955
1827,974
1828,954
1829,942
1830,934
1831,953
1832,955
1833,967
1834,924
1835,989
1836,962
1837,965
1838,934
1839,980
1840,928
1841,927
1842,965
1843,950
1844,902
1845,927
1846,939
1847,971
1848,900
1849,954
1850,950
1851,868
1852,902
1853,886
1854,1040
1855,946
1856,873
1857,949
1858,815
1859,925
1860,838
1861,881
1862,858
1863,897
1864,921
1865,874
1866,927
1867,946
1868,860
1869,918
1870,890
1871,895
1872,900
1873,862
1874,920
1875,882
1876,906
1877,844
1878,871
1879,934
1880,913
1881,884
1882,930
1883,895
1884,920
1885,878
1886,871
1887,873
1888,839
1889,872
1890,798
1891,845
1892,840
1893,889
1894,854
1895,862
1896,839
1897,852
1898,836
1899,817
1900,837
1901,877
1902,890
1903,863
1904,858
1905,837
1906,850
1907,898
1908,848
1909,854
1910,808
1911,835
1912,788
1913,843
1914,839
1915,854
1916,836
1917,798
1918,843
1919,768
1920,774
1921,815
1922,818
1923,852
1924,858
1925,801
1926,862
1927,819
1928,802
1929,808
1930,837
1931,825
1932,828
1933,827
1934,796
1935,829
1936,823
1937,774
1938,802
1939,809
1940,801
1941,782
1942,823
1943,821
1944,761
1945,795
1946,820
1947,771
1948,818
1949,777
1950,782
1951,770
1952,749
1953,753
1954,752
1955,763
1956,804
1957,762
1958,750
1959,783
1960,744
1961,816
1962,760
1963,779
1964,766
1965,767
1966,723
1967,718
1968,763
1969,804
1970,739
1971,737
1972,737
1973,757
1974,767
1975,751
1976,714
1977,696
1978,776
1979,764
1980,719
1981,752
1982,766
1983,741
1984,720
1985,752
1986,717
1987,732
1988,719
1989,735
1990,745
1991,706
1992,688
1993,741
1994,701
1995,700
1996,721
1997,676
1998,682
1999,726
2000,703
2001,741
2002,715
2003,723
2004,728
2005,678
2006,684
2007,708
2008,653
2009,715
2010,731
2011,710
2012,706
2013,744
2014,669
2015,711
2016,693
2017,649
2018,707
2019,686
2020,643
2021,680
2022,698
2023,709
2024,697
2025,629
2026,687
2027,713
2028,675
2029,726
2030,652
2031,688
2032,718
2033,646
2034,665
2035,657
2036,672
2037,628
2038,687
2039,652
2040,685
2041,674
2042,665
2043,647
2044,684
2045,638
2046,723
2047,680
2048,638
2049,639
2050,625
2051,694
2052,652
2053,690
2054,652
2055,665
2056,647
2057,616
2058,641
2059,671
2060,671
2061,621
2062,676
2063,685
2064,707
2065,584
2066,638
2067,653
2068,649
2069,654
2070,621
2071,605
2072,631
2073,669
2074,630
2075,615
2076,604
2077,591
2078,598
2079,665
2080,592
2081,622
2082,619
2083,572
2084,591
2085,683
2086,587
2087,631
2088,575
2089,617
2090,643
2091,621
2092,627
2093,592
2094,599
2095,591
2096,619
2097,576
2098,636
2099,611
2100,622
2101,581
2102,589
2103,586
2104,608
2105,590
2106,584
2107,587
2108,616
2109,634
2110,580
2111,583
2112,570
2113,585
2114,610
2115,645
2116,556
2117,631
2118,588
2119,631
2120,536
2121,613
2122,573
2123,608
2124,570
2125,590
2126,585
2127,546
2128,593
2129,597
2130,544
2131,544
2132,574
2133,588
2134,629
2135,554
2136,562
2137,585
2138,538
2139,613
2140,533
2141,568
2142,557
2143,552
2144,545
2145,560
2146,519
2147,511
2148,516
2149,554
2150,562
2151,560
2152,577
2153,531
2154,583
2155,568
2156,584
2157,544
2158,518
2159,505
2160,573
2161,572
2162,526
2163,561
2164,626
2165,557
2166,553
2167,498
2168,511
2169,548
2170,536
2171,507
2172,535
2173,563
2174,539
2175,511
2176,542
2177,553
2178,569
2179,542
2180,530
2181,540
2182,541
2183,542
2184,585
2185,527
2186,553
2187,497
2188,516
2189,506
2190,503
2191,509
2192,529
2193,514
2194,500
2195,489
2196,517
2197,506
2198,485
2199,492
2200,520
2201,504
2202,533
2203,503
2204,533
2205,503
2206,508
2207,492
2208,517
2209,532
2210,486
2211,472
2212,506
2213,495
2214,516
2215,503
2216,484
2217,518
2218,509
2219,497
2220,516
2221,497
2222,517
2223,519
2224,479
2225,473
2226,476
2227,499
2228,495
2229,480
2230,490
2231,461
2232,476
2233,519
2234,468
2235,470
2236,489
2237,464
2238,490
2239,501
2240,501
2241,489
2242,485
2243,446
2244,490
2245,450
2246,473
2247,459
2248,455
2249,457
2250,468
2251,481
2252,475
2253,458
2254,450
2255,448
2256,466
2257,449
2258,441
2259,474
2260,478
2261,464
2262,442
2263,477
2264,499
2265,456
2266,465
2267,425
2268,467
2269,463
2270,480
2271,471
2272,460
2273,476
2274,437
2275,430
2276,432
2277,447
2278,421
2279,466
2280,442
2281,437
2282,459
2283,446
2284,442
2285,456
2286,392
2287,477
2288,429
2289,457
2290,419
2291,420
2292,408
2293,427
2294,444
2295,458
2296,398
2297,447
2298,441
2299,426
2300,409
2301,418
2302,423
2303,419
2304,414
2305,452
2306,431
2307,416
2308,439
2309,423
2310,413
2311,412
2312,405
2313,381
2314,400
2315,398
2316,420
2317,417
2318,424
2319,408
2320,406
2321,413
2322,447
2323,430
2324,442
2325,419
2326,379
2327,427
2328,392
2329,417
2330,423
2331,432
2332,413
2333,410
2334,408
2335,418
2336,453
2337,455
2338,383
2339,401
2340,405
2341,409
2342,378
2343,439
2344,427
2345,408
2346,404
2347,377
2348,390
2349,413
2350,382
2351,372
2352,360
2353,381
2354,414
2355,359
2356,408
2357,384
2358,401
2359,405
2360,366
2361,373
2362,391
2363,369
2364,339
2365,393
2366,380
2367,383
2368,376
2369,380
2370,390
2371,397
2372,362
2373,382
2374,393
2375,392
2376,376
2377,375
2378,407
2379,344
2380,386
2381,375
2382,385
2383,342
2384,350
2385,368
2386,353
2387,363
2388,365
2389,407
2390,362
2391,389
2392,369
2393,378
2394,375
2395,313
2396,335
2397,371
2398,359
2399,353
2400,359
2401,350
2402,345
2403,389
2404,355
2405,351
2406,370
2407,345
2408,346
2409,356
2410,331
2411,371
2412,362
2413,350
2414,357
2415,343
2416,347
2417,405
2418,365
2419,362
2420,344
2421,330
2422,359
2423,365
2424,345
2425,350
2426,331
2427,353
2428,305
2429,353
2430,373
2431,340
2432,355
2433,321
2434,317
2435,348
2436,359
2437,339
2438,363
2439,342
2440,335
2441,357
2442,354
2443,329
2444,341
2445,325
2446,333
2447,319
2448,324
2449,340
2450,294
2451,343
2452,313
2453,341
2454,381
2455,318
2456,351
2457,318
2458,344
2459,326
2460,321
2461,310
2462,335
2463,328
2464,308
2465,325
2466,306
2467,315
2468,322
2469,318
2470,362
2471,298
2472,320
2473,331
2474,324
2475,340
2476,317
2477,331
2478,305
2479,318
2480,324
2481,314
2482,311
2483,295
2484,327
2485,335
2486,322
2487,317
2488,334
2489,334
2490,296
2491,333
2492,291
2493,320
2494,326
2495,323
2496,296
2497,324
2498,306
2499,294
2500,325
2501,308
2502,321
2503,327
2504,307
2505,292
2506,304
2507,287
2508,314
2509,271
2510,305
2511,262
2512,297
2513,279
2514,317
2515,272
2516,295
2517,292
2518,317
2519,293
2520,302
2521,314
2522,309
2523,287
2524,288
2525,291
2526,300
2527,274
2528,276
2529,289
2530,279
2531,273
2532,319
2533,274
2534,294
2535,276
2536,277
2537,261
2538,309
2539,286
2540,290
2541,285
2542,278
2543,319
2544,269
2545,277
2546,308
2547,287
2548,275
2549,306
2550,272
2551,263
2552,305
2553,294
2554,247
2555,310
2556,270
2557,277
2558,306
2559,291
2560,285
2561,250
2562,255
2563,279
2564,263
2565,301
2566,256
2567,284
2568,264
2569,272
2570,287
2571,259
2572,235
2573,276
2574,220
2575,270
2576,282
2577,269
2578,280
2579,282
2580,272
2581,271
2582,278
2583,236
2584,256
2585,244
2586,250
2587,280
2588,257
2589,287
2590,257
2591,289
2592,265
2593,295
2594,250
2595,254
2596,259
2597,263
2598,281
2599,278
2600,267
2601,258
2602,272
2603,278
2604,271
2605,262
2606,271
2607,252
2608,246
2609,247
2610,262
2611,258
2612,237
2613,231
2614,242
2615,261
2616,244
2617,265
2618,234
2619,228
2620,270
2621,233
2622,247
2623,263
2624,217
2625,229
2626,240
2627,252
2628,243
2629,289
2630,247
2631,246
2632,247
2633,253
2634,259
2635,256
2636,231
2637,236
2638,245
2639,263
2640,260
2641,260
2642,257
2643,253
2644,251
2645,252
2646,237
2647,235
2648,225
2649,262
2650,245
2651,229
2652,282
2653,267
2654,234
2655,221
2656,250
2657,236
2658,228
2659,214
2660,223
2661,237
2662,243
2663,237
2664,244
2665,240
2666,240
2667,197
2668,236
2669,223
2670,218
2671,240
2672,229
2673,240
2674,249
2675,233
2676,232
2677,196
2678,231
2679,209
2680,231
2681,236
2682,220
2683,230
2684,239
2685,212
2686,203
2687,201
2688,188
2689,232
2690,219
2691,234
2692,244
2693,222
2694,232
2695,205
2696,222
2697,223
2698,208
2699,216
2700,221
2701,222
2702,207
2703,225
2704,194
2705,239
2706,199
2707,205
2708,208
2709,245
2710,187
2711,211
2712,200
2713,206
2714,213
2715,204
2716,231
2717,215
2718,213
2719,193
2720,194
2721,237
2722,223
2723,217
2724,207
2725,209
2726,197
2727,222
2728,185
2729,220
2730,207
2731,189
2732,224
2733,190
2734,208
2735,214
2736,198
2737,199
2738,220
2739,208
2740,224
2741,196
2742,215
2743,213
2744,200
2745,215
2746,203
2747,173
2748,192
2749,214
2750,200
2751,207
2752,223
2753,231
2754,206
2755,223
2756,192
2757,171
2758,198
2759,191
2760,208
2761,208
2762,199
2763,223
2764,192
2765,201
2766,199
2767,190
2768,232
2769,193
2770,187
2771,206
2772,199
2773,211
2774,197
2775,202
2776,173
2777,191
2778,202
2779,191
2780,192
2781,202
2782,202
2783,178
2784,192
2785,210
2786,196
2787,207
2788,182
2789,189
2790,191
2791,176
2792,187
2793,167
2794,201
2795,186
2796,168
2797,198
2798,191
2799,197
2800,181
2801,182
2802,186
2803,173
2804,186
2805,161
2806,187
2807,171
2808,192
2809,206
2810,177
2811,158
2812,187
2813,188
2814,180
2815,177
2816,159
2817,177
2818,158
2819,190
2820,178
2821,156
2822,219
2823,162
2824,167
2825,182
2826,192
2827,158
2828,166
2829,190
2830,170
2831,168
2832,190
2833,168
2834,185
2835,155
2836,165
2837,179
2838,178
2839,161
2840,178
2841,185
2842,165
2843,182
2844,153
2845,153
2846,182
2847,147
2848,166
2849,172
2850,176
2851,172
2852,171
2853,149
2854,163
2855,187
2856,163
2857,170
2858,156
2859,154
2860,160
2861,163
2862,160
2863,147
2864,161
2865,167
2866,161
2867,163
2868,138
2869,148
2870,153
2871,153
2872,152
2873,142
2874,162
2875,152
2876,162
2877,186
2878,153
2879,169
2880,148
2881,170
2882,159
2883,147
2884,177
2885,143
2886,161
2887,153
2888,147
2889,181
2890,155
2891,158
2892,157
2893,168
2894,148
2895,167
2896,172
2897,183
2898,165
2899,165
2900,166
2901,127
2902,128
2903,165
2904,149
2905,168
2906,172
2907,147
2908,139
2909,152
2910,142
2911,183
2912,151
2913,182
2914,149
2915,143
2916,144
2917,148
2918,167
2919,171
2920,158
2921,164
2922,134
2923,147
2924,164
2925,163
2926,147
2927,148
2928,148
2929,158
2930,137
2931,159
2932,143
2933,138
2934,139
2935,157
2936,129
2937,147
2938,149
2939,146
2940,127
2941,157
2942,165
2943,179
2944,158
2945,126
2946,146
2947,155
2948,139
2949,142
2950,132
2951,134
2952,128
2953,152
2954,155
2955,143
2956,147
2957,146
2958,124
2959,140
2960,144
2961,167
2962,138
2963,142
2964,137
2965,140
2966,128
2967,151
2968,145
2969,160
2970,144
2971,142
2972,140
2973,153
2974,132
2975,147
2976,142
2977,146
2978,140
2979,153
2980,136
2981,126
2982,152
2983,139
2984,147
2985,138
2986,136
2987,121
2988,146
2989,119
2990,123
2991,135
2992,137
2993,144
2994,141
2995,139
2996,118
2997,129
2998,149
2999,137
3000,125
3001,120
3002,140
3003,131
3004,121
3005,126
3006,128
3007,133
3008,136
3009,141
3010,131
3011,128
3012,123
3013,112
3014,133
3015,132
3016,134
3017,156
3018,126
3019,129
3020,113
3021,134
3022,154
3023,126
3024,117
3025,132
3026,125
3027,106
3028,99
3029,121
3030,133
3031,101
3032,113
3033,156
3034,101
3035,133
3036,124
3037,129
3038,140
3039,135
3040,123
3041,121
3042,132
3043,123
3044,122
3045,121
3046,130
3047,119
3048,102
3049,114
3050,112
3051,108
3052,121
3053,125
3054,117
3055,134
3056,140
3057,113
3058,144
3059,125
3060,130
3061,118
3062,114
3063,136
3064,122
3065,103
3066,134
3067,137
3068,134
3069,115
3070,114
3071,126
3072,123
3073,117
3074,122
3075,130
3076,108
3077,119
3078,112
3079,104
3080,103
3081,121
3082,108
3083,115
3084,108
3085,122
3086,106
3087,122
3088,116
3089,117
3090,126
3091,122
3092,122
3093,120
3094,99
3095,88
3096,104
3097,113
3098,117
3099,141
3100,111
3101,116
3102,107
3103,117
3104,104
3105,108
3106,133
3107,118
3108,121
3109,107
3110,123
3111,89
3112,108
3113,126
3114,107
3115,111
3116,114
3117,75
3118,97
3119,115
3120,118
3121,97
3122,119
3123,101
3124,107
3125,106
3126,98
3127,114
3128,99
3129,117
3130,104
3131,91
3132,108
3133,104
3134,96
3135,103
3136,131
3137,108
3138,105
3139,108
3140,99
3141,112
3142,96
3143,107
3144,122
3145,84
3146,104
3147,98
3148,128
3149,115
3150,83
3151,105
3152,100
3153,109
3154,110
3155,106
3156,104
3157,105
3158,103
3159,88
3160,87
3161,103
3162,100
3163,116
3164,104
3165,109
3166,123
3167,88
3168,102
3169,91
3170,101
3171,96
3172,112
3173,98
3174,91
3175,118
3176,106
3177,100
3178,96
3179,112
3180,104
3181,94
3182,96
3183,118
3184,84
3185,93
3186,96
3187,108
3188,77
3189,98
3190,106
3191,102
3192,89
3193,106
3194,111
3195,98
3196,80
3197,98
3198,110
3199,100
3200,85
3201,93
3202,97
3203,100
3204,96
3205,109
3206,91
3207,92
3208,102
3209,96
3210,98
3211,100
3212,106
3213,87
3214,90
3215,92
3216,97
3217,91
3218,94
3219,92
3220,95
3221,102
3222,81
3223,94
3224,91
3225,90
3226,91
3227,76
3228,81
3229,102
3230,99
3231,106
3232,74
3233,91
3234,89
3235,88
3236,65
3237,102
3238,93
3239,103
3240,100
3241,94
3242,82
3243,77
3244,79
3245,93
3246,82
3247,90
3248,87
3249,74
3250,89
3251,82
3252,94
3253,90
3254,78
3255,79
3256,97
3257,76
3258,86
3259,82
3260,78
3261,85
3262,62
3263,85
3264,79
3265,76
3266,89
3267,88
3268,95
3269,82
3270,82
3271,86
3272,90
3273,82
3274,88
3275,83
3276,84
3277,78
3278,83
3279,84
3280,82
3281,99
3282,80
3283,77
3284,104
3285,83
3286,71
3287,84
3288,87
3289,84
3290,91
3291,81
3292,94
3293,75
3294,80
3295,69
3296,78
3297,82
3298,88
3299,90
3300,76
3301,95
3302,72
3303,68
3304,69
3305,67
3306,91
3307,80
3308,63
3309,87
3310,71
3311,67
3312,90
3313,92
3314,75
3315,71
3316,75
3317,77
3318,81
3319,82
3320,76
3321,90
3322,71
3323,72
3324,94
3325,81
3326,81
3327,82
3328,69
3329,97
3330,97
3331,80
3332,91
3333,84
3334,78
3335,72
3336,84
3337,73
3338,69
3339,79
3340,81
3341,67
3342,80
3343,76
3344,64
3345,76
3346,77
3347,79
3348,72
3349,89
3350,74
3351,70
3352,70
3353,59
3354,75
3355,77
3356,66
3357,88
3358,66
3359,69
3360,65
3361,78
3362,77
3363,76
3364,77
3365,77
3366,78
3367,75
3368,69
3369,56
3370,79
3371,65
3372,69
3373,83
3374,65
3375,72
3376,83
3377,78
3378,66
3379,63
3380,69
3381,82
3382,76
3383,67
3384,77
3385,82
3386,66
3387,89
3388,63
3389,60
3390,57
3391,69
3392,54
3393,79
3394,76
3395,71
3396,61
3397,79
3398,69
3399,92
3400,60
3401,77
3402,61
3403,83
3404,81
3405,61
3406,58
3407,77
3408,54
3409,72
3410,65
3411,78
3412,75
3413,54
3414,72
3415,60
3416,62
3417,61
3418,51
3419,51
3420,68
3421,76
3422,77
3423,65
3424,63
3425,59
3426,78
3427,77
3428,47
3429,73
3430,56
3431,57
3432,65
3433,55
3434,67
3435,67
3436,62
3437,60
3438,60
3439,55
3440,60
3441,70
3442,69
3443,60
3444,61
3445,67
3446,67
3447,69
3448,70
3449,59
3450,67
3451,65
3452,60
3453,58
3454,57
3455,57
3456,72
3457,72
3458,54
3459,55
3460,54
3461,67
3462,70
3463,59
3464,65
3465,56
3466,70
3467,64
3468,40
3469,59
3470,70
3471,66
3472,57
3473,59
3474,63
3475,70
3476,59
3477,58
3478,63
3479,61
3480,50
3481,50
3482,54
3483,66
3484,63
3485,50
3486,58
3487,48
3488,57
3489,67
3490,54
3491,57
3492,56
3493,68
3494,60
3495,67
3496,67
3497,59
3498,58
3499,50
3500,50
3501,70
3502,59
3503,61
3504,56
3505,67
3506,54
3507,61
3508,52
3509,58
3510,66
3511,61
3512,58
3513,52
3514,58
3515,58
3516,61
3517,52
3518,57
3519,56
3520,60
3521,54
3522,44
3523,60
3524,57
3525,58
3526,45
3527,67
3528,57
3529,67
3530,65
3531,55
3532,52
3533,65
3534,59
3535,40
3536,50
3537,46
3538,37
3539,65
3540,57
3541,54
3542,72
3543,54
3544,49
3545,49
3546,49
3547,63
3548,63
3549,42
3550,50
3551,54
3552,62
3553,65
3554,69
3555,58
3556,50
3557,49
3558,50
3559,57
3560,50
3561,48
3562,53
3563,53
3564,54
3565,44
3566,52
3567,60
3568,67
3569,66
3570,52
3571,54
3572,63
3573,64
3574,53
3575,56
3576,60
3577,57
3578,48
3579,46
3580,57
3581,53
3582,48
3583,55
3584,49
3585,49
3586,50
3587,44
3588,60
3589,56
3590,50
3591,48
3592,55
3593,59
3594,54
3595,58
3596,46
3597,51
3598,42
3599,43
3600,47
3601,54
3602,48
3603,42
3604,62
3605,40
3606,55
3607,49
3608,46
3609,40
3610,48
3611,51
3612,53
3613,44
3614,58
3615,39
3616,36
3617,48
3618,35
3619,63
3620,51
3621,35
3622,41
3623,39
3624,50
3625,49
3626,60
3627,47
3628,62
3629,57
3630,48
3631,58
3632,37
3633,49
3634,52
3635,42
3636,53
3637,44
3638,47
3639,51
3640,53
3641,58
3642,53
3643,54
3644,47
3645,37
3646,48
3647,47
3648,41
3649,46
3650,52
3651,44
3652,56
3653,43
3654,48
3655,48
3656,49
3657,42
3658,47
3659,53
3660,59
3661,42
3662,44
3663,41
3664,44
3665,48
3666,50
3667,43
3668,49
3669,39
3670,44
3671,47
3672,40
3673,49
3674,47
3675,44
3676,37
3677,42
3678,47
3679,51
3680,42
3681,34
3682,45
3683,43
3684,32
3685,56
3686,49
3687,35
3688,48
3689,45
3690,39
3691,41
3692,48
3693,49
3694,49
3695,44
3696,48
3697,48
3698,40
3699,40
3700,45
3701,44
3702,40
3703,45
3704,30
3705,36
3706,42
3707,43
3708,42
3709,47
3710,53
3711,35
3712,34
3713,35
3714,37
3715,30
3716,37
3717,44
3718,42
3719,45
3720,51
3721,49
3722,42
3723,37
3724,44
3725,42
3726,44
3727,41
3728,39
3729,42
3730,43
3731,50
3732,56
3733,46
3734,40
3735,42
3736,43
3737,54
3738,37
3739,38
3740,39
3741,31
3742,46
3743,41
3744,35
3745,25
3746,37
3747,42
3748,50
3749,35
3750,30
3751,44
3752,38
3753,42
3754,44
3755,43
3756,32
3757,38
3758,43
3759,38
3760,43
3761,46
3762,38
3763,37
3764,48
3765,46
3766,48
3767,38
3768,41
3769,27
3770,45
3771,42
3772,40
3773,38
3774,47
3775,42
3776,40
3777,39
3778,42
3779,39
3780,38
3781,50
3782,34
3783,47
3784,39
3785,44
3786,38
3787,33
3788,40
3789,32
3790,45
3791,39
3792,35
3793,29
3794,39
3795,44
3796,33
3797,38
3798,40
3799,37
3800,39
3801,41
3802,35
3803,24
3804,44
3805,32
3806,28
3807,35
3808,42
3809,35
3810,41
3811,35
3812,44
3813,40
3814,39
3815,34
3816,29
3817,40
3818,35
3819,29
3820,30
3821,35
3822,32
3823,33
3824,34
3825,45
3826,37
3827,35
3828,43
3829,31
3830,48
3831,39
3832,37
3833,33
3834,30
3835,42
3836,54
3837,47
3838,40
3839,44
3840,34
3841,45
3842,37
3843,32
3844,43
3845,34
3846,50
3847,35
3848,42
3849,26
3850,32
3851,26
3852,36
3853,32
3854,32
3855,45
3856,34
3857,31
3858,37
3859,37
3860,24
3861,37
3862,30
3863,36
3864,47
3865,36
3866,38
3867,41
3868,41
3869,38
3870,29
3871,45
3872,44
3873,23
3874,28
3875,20
3876,32
3877,29
3878,37
3879,34
3880,32
3881,27
3882,29
3883,32
3884,43
3885,43
3886,32
3887,40
3888,31
3889,32
3890,32
3891,31
3892,24
3893,34
3894,30
3895,34
3896,29
3897,40
3898,26
3899,40
3900,35
3901,37
3902,38
3903,34
3904,37
3905,28
3906,31
3907,34
3908,34
3909,32
3910,37
3911,42
3912,37
3913,44
3914,26
3915,34
3916,36
3917,33
3918,29
3919,30
3920,35
3921,28
3922,22
3923,36
3924,31
3925,35
3926,33
3927,35
3928,34
3929,36
3930,32
3931,29
3932,31
3933,30
3934,22
3935,25
3936,24
3937,30
3938,28
3939,34
3940,34
3941,37
3942,31
3943,35
3944,29
3945,21
3946,34
3947,25
3948,36
3949,33
3950,21
3951,33
3952,24
3953,17
3954,25
3955,25
3956,31
3957,39
3958,25
3959,24
3960,31
3961,25
3962,26
3963,29
3964,22
3965,32
3966,24
3967,30
3968,29
3969,34
3970,29
3971,35
3972,31
3973,29
3974,36
3975,29
3976,28
3977,35
3978,31
3979,29
3980,25
3981,21
3982,27
3983,25
3984,31
3985,29
3986,28
3987,39
3988,26
3989,25
3990,25
3991,29
3992,29
3993,36
3994,27
3995,32
3996,29
3997,36
3998,23
3999,28
4000,26
4001,25
4002,33
4003,28
4004,26
4005,29
4006,20
4007,24
4008,24
4009,33
4010,33
4011,27
4012,21
4013,26
4014,19
4015,29
4016,39
4017,20
4018,33
4019,30
4020,32
4021,38
4022,34
4023,33
4024,29
4025,25
4026,23
4027,26
4028,33
4029,27
4030,21
4031,23
4032,21
4033,24
4034,25
4035,37
4036,30
4037,27
4038,20
4039,26
4040,39
4041,34
4042,32
4043,34
4044,27
4045,20
4046,33
4047,18
4048,18
4049,31
4050,21
4051,23
4052,34
4053,28
4054,28
4055,21
4056,22
4057,23
4058,22
4059,35
4060,31
4061,28
4062,36
4063,23
4064,26
4065,38
4066,22
4067,23
4068,22
4069,29
4070,26
4071,20
4072,27
4073,20
4074,23
4075,21
4076,35
4077,20
4078,16
4079,22
4080,24
4081,25
4082,24
4083,26
4084,19
4085,27
4086,21
4087,33
4088,24
4089,27
4090,29
4091,21
4092,15
4093,27
4094,23
4095,25
4096,17
4097,21
4098,39
4099,23
4100,18
4101,27
4102,22
4103,25
4104,23
4105,29
4106,30
4107,19
4108,27
4109,25
4110,20
4111,29
4112,15
4113,27
4114,18
4115,26
4116,22
4117,24
4118,31
4119,26
4120,15
4121,25
4122,11
4123,27
4124,27
4125,22
4126,26
4127,15
4128,27
4129,16
4130,28
4131,20
4132,26
4133,28
4134,21
4135,21
4136,19
4137,15
4138,25
4139,22
4140,23
4141,29
4142,25
4143,26
4144,19
4145,20
4146,23
4147,18
4148,31
4149,19
4150,23
4151,22
4152,16
4153,26
4154,16
4155,26
4156,25
4157,24
4158,29
4159,26
4160,24
4161,26
4162,25
4163,20
4164,26
4165,23
4166,18
4167,15
4168,25
4169,25
4170,26
4171,23
4172,24
4173,17
4174,21
4175,23
4176,15
4177,22
4178,19
4179,22
4180,24
4181,20
4182,29
4183,16
4184,26
4185,30
4186,19
4187,24
4188,28
4189,25
4190,22
4191,18
4192,22
4193,21
4194,22
4195,22
4196,17
4197,23
4198,25
4199,20
4200,21
4201,19
4202,21
4203,15
4204,18
4205,17
4206,19
4207,16
4208,23
4209,13
4210,21
4211,28
4212,22
4213,22
4214,24
4215,25
4216,17
4217,12
4218,21
4219,22
4220,23
4221,14
4222,14
4223,14
4224,16
4225,19
4226,13
4227,18
4228,17
4229,26
4230,10
4231,18
4232,16
4233,19
4234,13
4235,18
4236,14
4237,17
4238,10
4239,20
4240,21
4241,16
4242,17
4243,28
4244,18
4245,22
4246,22
4247,22
4248,16
4249,24
4250,26
4251,22
4252,20
4253,25
4254,27
4255,22
4256,24
4257,8
4258,27
4259,23
4260,23
4261,17
4262,20
4263,15
4264,21
4265,13
4266,24
4267,24
4268,21
4269,18
4270,25
4271,12
4272,27
4273,27
4274,21
4275,18
4276,22
4277,15
4278,16
4279,21
4280,21
4281,22
4282,15
4283,15
4284,16
4285,15
4286,21
4287,9
4288,26
4289,19
4290,22
4291,19
4292,23
4293,18
4294,23
4295,22
4296,15
4297,19
4298,18
4299,12
4300,13
4301,21
4302,17
4303,20
4304,17
4305,27
4306,20
4307,15
4308,26
4309,22
4310,27
4311,23
4312,18
4313,19
4314,16
4315,24
4316,15
4317,18
4318,18
4319,18
4320,16
4321,22
4322,17
4323,16
4324,13
4325,18
4326,14
4327,19
4328,13
4329,13
4330,16
4331,15
4332,15
4333,16
4334,16
4335,14
4336,18
4337,23
4338,17
4339,16
4340,16
4341,18
4342,11
4343,16
4344,15
4345,14
4346,21
4347,22
4348,19
4349,27
4350,13
4351,22
4352,21
4353,12
4354,17
4355,14
4356,20
4357,17
4358,16
4359,16
4360,19
4361,13
4362,18
4363,15
4364,16
4365,17
4366,11
4367,16
4368,23
4369,15
4370,20
4371,18
4372,11
4373,10
4374,14
4375,11
4376,13
4377,11
4378,18
4379,19
4380,15
4381,18
4382,19
4383,15
4384,13
4385,20
4386,30
4387,22
4388,18
4389,15
4390,17
4391,16
4392,15
4393,14
4394,22
4395,17
4396,17
4397,15
4398,23
4399,16
4400,17
4401,19
4402,17
4403,15
4404,24
4405,13
4406,12
4407,15
4408,16
4409,16
4410,15
4411,22
4412,20
4413,13
4414,14
4415,15
4416,20
4417,20
4418,22
4419,16
4420,16
4421,11
4422,12
4423,16
4424,18
4425,10
4426,9
4427,14
4428,22
4429,17
4430,27
4431,19
4432,16
4433,13
4434,18
4435,16
4436,16
4437,21
4438,14
4439,17
4440,17
4441,14
4442,19
4443,17
4444,12
4445,13
4446,10
4447,16
4448,15
4449,17
4450,17
4451,12
4452,15
4453,17
4454,24
4455,9
4456,17
4457,12
4458,13
4459,17
4460,16
4461,14
4462,14
4463,15
4464,11
4465,13
4466,14
4467,16
4468,8
4469,13
4470,16
4471,13
4472,10
4473,9
4474,16
4475,17
4476,16
4477,18
4478,18
4479,20
4480,20
4481,10
4482,9
4483,15
4484,12
4485,12
4486,13
4487,17
4488,16
4489,16
4490,17
4491,22
4492,11
4493,22
4494,10
4495,13
4496,12
4497,14
4498,8
4499,13
4500,22
4501,13
4502,11
4503,21
4504,16
4505,17
4506,23
4507,12
4508,14
4509,13
4510,15
4511,15
4512,13
4513,16
4514,15
4515,13
4516,10
4517,13
4518,11
4519,9
4520,13
4521,13
4522,12
4523,17
4524,11
4525,15
4526,19
4527,12
4528,9
4529,14
4530,20
4531,13
4532,17
4533,15
4534,16
4535,22
4536,16
4537,16
4538,11
4539,16
4540,14
4541,16
4542,20
4543,13
4544,11
4545,9
4546,10
4547,13
4548,14
4549,18
4550,12
4551,18
4552,8
4553,10
4554,16
4555,11
4556,18
4557,13
4558,12
4559,9
4560,11
4561,20
4562,7
4563,18
4564,13
4565,14
4566,13
4567,12
4568,10
4569,8
4570,13
4571,9
4572,7
4573,9
4574,10
4575,18
4576,16
4577,9
4578,14
4579,14
4580,10
4581,10
4582,13
4583,11
4584,15
4585,12
4586,13
4587,16
4588,11
4589,10
4590,14
4591,11
4592,8
4593,15
4594,14
4595,13
4596,10
4597,13
4598,11
4599,10
4600,17
4601,8
4602,19
4603,16
4604,12
4605,16
4606,15
4607,16
4608,16
4609,7
4610,12
4611,15
4612,14
4613,15
4614,8
4615,18
4616,11
4617,16
4618,15
4619,11
4620,9
4621,20
4622,13
4623,13
4624,10
4625,10
4626,8
4627,12
4628,12
4629,9
4630,13
4631,12
4632,8
4633,14
4634,15
4635,11
4636,11
4637,14
4638,11
4639,19
4640,10
4641,17
4642,11
4643,13
4644,6
4645,20
4646,13
4647,18
4648,16
4649,8
4650,19
4651,9
4652,9
4653,8
4654,15
4655,11
4656,7
4657,14
4658,14
4659,16
4660,12
4661,17
4662,12
4663,14
4664,13
4665,10
4666,12
4667,11
4668,4
4669,13
4670,10
4671,13
4672,14
4673,7
4674,14
4675,20
4676,8
4677,9
4678,13
4679,11
4680,8
4681,19
4682,3
4683,8
4684,18
4685,19
4686,10
4687,17
4688,9
4689,5
4690,13
4691,16
4692,12
4693,14
4694,14
4695,5
4696,14
4697,11
4698,9
4699,6
4700,11
4701,9
4702,13
4703,17
4704,10
4705,9
4706,8
4707,23
4708,6
4709,10
4710,10
4711,8
4712,16
4713,12
4714,12
4715,10
4716,13
4717,8
4718,8
4719,15
4720,7
4721,16
4722,9
4723,11
4724,11
4725,13
4726,7
4727,9
4728,8
4729,8
4730,9
4731,10
4732,13
4733,16
4734,8
4735,13
4736,10
4737,12
4738,8
4739,13
4740,7
4741,10
4742,16
4743,18
4744,14
4745,9
4746,5
4747,14
4748,11
4749,13
4750,6
4751,5
4752,7
4753,10
4754,11
4755,10
4756,12
4757,9
4758,14
4759,13
4760,6
4761,14
4762,8
4763,8
4764,11
4765,12
4766,8
4767,13
4768,14
4769,12
4770,12
4771,12
4772,12
4773,13
4774,14
4775,12
4776,8
4777,11
4778,5
4779,9
4780,14
4781,7
4782,15
4783,10
4784,14
4785,9
4786,11
4787,10
4788,10
4789,8
4790,15
4791,8
4792,14
4793,11
4794,8
4795,13
4796,9
4797,7
4798,7
4799,16
4800,13
4801,6
4802,12
4803,10
4804,11
4805,9
4806,14
4807,11
4808,7
4809,4
4810,6
4811,12
4812,8
4813,13
4814,18
4815,11
4816,5
4817,15
4818,13
4819,14
4820,18
4821,12
4822,14
4823,15
4824,14
4825,12
4826,5
4827,13
4828,8
4829,8
4830,13
4831,9
4832,19
4833,12
4834,19
4835,10
4836,5
4837,5
4838,12
4839,12
4840,7
4841,7
4842,7
4843,8
4844,16
4845,9
4846,11
4847,11
4848,11
4849,8
4850,14
4851,10
4852,10
4853,11
4854,11
4855,9
4856,7
4857,11
4858,6
4859,12
4860,15
4861,15
4862,11
4863,17
4864,12
4865,17
4866,11
4867,9
4868,14
4869,15
4870,14
4871,8
4872,5
4873,11
4874,10
4875,6
4876,10
4877,6
4878,15
4879,12
4880,10
4881,7
4882,16
4883,8
4884,14
4885,7
4886,8
4887,10
4888,11
4889,8
4890,9
4891,5
4892,7
4893,10
4894,10
4895,7
4896,10
4897,16
4898,13
4899,11
4900,14
4901,5
4902,7
4903,13
4904,7
4905,10
4906,7
4907,8
4908,7
4909,4
4910,11
4911,12
4912,8
4913,12
4914,16
4915,9
4916,9
4917,12
4918,6
4919,10
4920,7
4921,10
4922,7
4923,4
4924,7
4925,6
4926,11
4927,7
4928,11
4929,10
4930,7
4931,5
4932,10
4933,11
4934,17
4935,9
4936,9
4937,15
4938,14
4939,7
4940,9
4941,8
4942,2
4943,11
4944,6
4945,9
4946,11
4947,11
4948,6
4949,8
4950,4
4951,9
4952,12
4953,5
4954,8
4955,9
4956,7
4957,6
4958,11
4959,11
4960,16
4961,10
4962,6
4963,10
4964,12
4965,9
4966,14
4967,9
4968,10
4969,8
4970,11
4971,7
4972,6
4973,12
4974,5
4975,11
4976,8
4977,7
4978,14
4979,10
4980,7
4981,4
4982,7
4983,7
4984,5
4985,9
4986,3
4987,9
4988,9
4989,6
4990,2
4991,10
4992,8
4993,6
4994,10
4995,10
4996,7
4997,10
4998,11
4999,9
5000,10
5001,9
5002,6
5003,4
5004,6
5005,8
5006,6
5007,12
5008,10
5009,7
5010,7
5011,10
5012,14
5013,9
5014,6
5015,1
5016,7
5017,3
5018,14
5019,10
5020,10
5021,10
5022,10
5023,9
5024,10
5025,11
5026,6
5027,9
5028,12
5029,7
5030,8
5031,9
5032,6
5033,12
5034,5
5035,7
5036,8
5037,4
5038,6
5039,13
5040,7
5041,13
5042,7
5043,9
5044,6
5045,11
5046,6
5047,7
5048,6
5049,8
5050,11
5051,8
5052,9
5053,6
5054,12
5055,12
5056,14
5057,6
5058,5
5059,8
5060,5
5061,12
5062,12
5063,5
5064,7
5065,8
5066,7
5067,7
5068,10
5069,10
5070,7
5071,5
5072,2
5073,13
5074,10
5075,9
5076,6
5077,2
5078,9
5079,4
5080,6
5081,12
5082,10
5083,10
5084,6
5085,8
5086,4
5087,11
5088,10
5089,10
5090,14
5091,5
5092,8
5093,6
5094,7
5095,11
5096,9
5097,14
5098,9
5099,8
5100,10
5101,4
5102,8
5103,8
5104,9
5105,7
5106,7
5107,4
5108,6
5109,8
5110,8
5111,3
5112,7
5113,7
5114,4
5115,6
5116,11
5117,7
5118,7
5119,7
5120,13
5121,4
5122,7
5123,3
5124,10
5125,2
5126,5
5127,5
5128,8
5129,8
5130,10
5131,7
5132,10
5133,10
5134,11
5135,9
5136,12
5137,8
5138,6
5139,14
5140,10
5141,9
5142,5
5143,6
5144,12
5145,12
5146,12
5147,2
5148,8
5149,12
5150,8
5151,3
5152,8
5153,4
5154,8
5155,10
5156,6
5157,9
5158,12
5159,7
5160,7
5161,10
5162,9
5163,11
5164,7
5165,9
5166,10
5167,7
5168,10
5169,10
5170,6
5171,7
5172,6
5173,10
5174,8
5175,6
5176,6
5177,6
5178,5
5179,5
5180,7
5181,1
5182,6
5183,8
5184,10
5185,4
5186,16
5187,11
5188,8
5189,6
5190,5
5191,11
5192,6
5193,10
5194,6
5195,10
5196,11
5197,12
5198,10
5199,3
5200,8
5201,6
5202,4
5203,6
5204,9
5205,7
5206,9
5207,8
5208,4
5209,5
5210,6
5211,8
5212,12
5213,7
5214,9
5215,4
5216,12
5217,2
5218,11
5219,8
5220,8
5221,6
5222,8
5223,9
5224,4
5225,7
5226,7
5227,7
5228,8
5229,9
5230,6
5231,6
5232,3
5233,6
5234,4
5235,8
5236,12
5237,9
5238,6
5239,11
5240,6
5241,1
5242,5
5243,7
5244,9
5245,16
5246,6
5247,9
5248,8
5249,9
5250,9
5251,5
5252,3
5253,10
5254,7
5255,6
5256,8
5257,7
5258,10
5259,9
5260,7
5261,5
5262,5
5263,10
5264,5
5265,6
5266,9
5267,7
5268,4
5269,9
5270,8
5271,6
5272,7
5273,9
5274,8
5275,6
5276,10
5277,4
5278,5
5279,4
5280,11
5281,7
5282,12
5283,7
5284,8
5285,5
5286,9
5287,5
5288,7
5289,11
5290,9
5291,7
5292,7
5293,7
5294,8
5295,5
5296,3
5297,12
5298,6
5299,4
5300,12
5301,4
5302,7
5303,9
5304,6
5305,9
5306,8
5307,8
5308,2
5309,8
5310,7
5311,5
5312,6
5313,6
5314,7
5315,5
5316,8
5317,9
5318,9
5319,8
5320,4
5321,13
5322,5
5323,5
5324,5
5325,5
5326,8
5327,5
5328,7
5329,4
5330,5
5331,10
5332,13
5333,9
5334,8
5335,4
5336,10
5337,7
5338,2
5339,6
5340,7
5341,4
5342,3
5343,11
5344,8
5345,9
5346,11
5347,7
5348,5
5349,5
5350,4
5351,6
5352,6
5353,9
5354,9
5355,9
5356,5
5357,5
5358,7
5359,3
5360,6
5361,5
5362,7
5363,6
5364,8
5365,12
5366,6
5367,4
5368,4
5369,8
5370,5
5371,6
5372,5
5373,6
5374,3
5375,6
5376,4
5377,5
5378,7
5379,6
5380,8
5381,8
5382,7
5383,7
5384,7
5385,5
5386,2
5387,4
5388,7
5389,5
5390,9
5391,10
5392,11
5393,6
5394,5
5395,7
5396,8
5397,6
5398,5
5399,6
5400,4
5401,6
5402,4
5403,4
5404,8
5405,7
5406,4
5407,6
5408,10
5409,5
5410,3
5411,6
5412,9
5413,5
5414,7
5415,9
5416,4
5417,5
5418,2
5419,12
5420,4
5421,10
5422,1
5423,7
5424,5
5425,6
5426,4
5427,8
5428,10
5429,8
5430,7
5431,7
5432,4
5433,4
5434,11
5435,9
5436,4
5437,11
5438,9
5439,8
5440,5
5441,12
5442,4
5443,3
5444,2
5445,8
5446,7
5447,5
5448,8
5449,2
5450,5
5451,5
5452,3
5453,9
5454,7
5455,5
5456,3
5457,9
5458,4
5459,12
5460,6
5461,8
5462,4
5463,8
5464,7
5465,3
5466,6
5467,6
5468,6
5469,8
5470,7
5471,6
5472,8
5473,4
5474,2
5475,8
5476,4
5477,8
5478,6
5479,5
5480,8
5481,7
5482,11
5483,4
5484,3
5485,6
5486,7
5487,10
5488,3
5489,6
5490,5
5491,4
5492,6
5493,10
5494,10
5495,3
5496,6
5497,4
5498,3
5499,6
5500,9
5501,4
5502,2
5503,6
5504,6
5505,11
5506,7
5507,5
5508,12
5509,7
5510,10
5511,8
5512,4
5513,8
5514,7
5515,5
5516,12
5517,4
5518,7
5519,6
5520,5
5521,5
5522,9
5523,7
5524,6
5525,8
5526,7
5527,8
5528,6
5529,3
5530,10
5531,8
5532,6
5533,7
5534,5
5535,3
5536,6
5537,7
5538,8
5539,7
5540,6
5541,8
5542,10
5543,5
5544,10
5545,5
5546,4
5547,9
5548,11
5549,11
5550,5
5551,6
5552,8
5553,8
5554,4
5555,6
5556,5
5557,5
5558,4
5559,6
5560,3
5561,8
5562,7
5563,4
5564,5
5565,7
5566,9
5567,6
5568,1
5569,6
5570,8
5571,2
5572,1
5573,6
5574,5
5575,5
5576,11
5577,4
5578,1
5579,7
5580,3
5581,11
5582,5
5583,8
5584,7
5585,7
5586,6
5587,5
5588,7
5589,5
5590,6
5591,9
5592,10
5593,8
5594,5
5595,6
5596,5
5597,5
5598,5
5599,5
5600,2
5601,4
5602,6
5603,4
5604,11
5605,7
5606,6
5607,7
5608,6
5609,5
5610,7
5611,5
5612,11
5613,9
5614,3
5615,8
5616,8
5617,6
5618,3
5619,10
5620,4
5621,3
5622,7
5623,9
5624,6
5625,6
5626,7
5627,5
5628,4
5629,5
5630,8
5631,8
5632,4
5633,0
5634,6
5635,6
5636,5
5637,6
5638,7
5639,4
5640,8
5641,4
5642,11
5643,6
5644,7
5645,2
5646,4
5647,4
5648,8
5649,3
5650,10
5651,2
5652,10
5653,5
5654,8
5655,7
5656,5
5657,9
5658,2
5659,6
5660,9
5661,3
5662,10
5663,3
5664,13
5665,2
5666,4
5667,7
5668,5
5669,4
5670,6
5671,7
5672,9
5673,5
5674,6
5675,3
5676,3
5677,9
5678,10
5679,7
5680,5
5681,7
5682,8
5683,6
5684,5
5685,5
5686,3
5687,5
5688,5
5689,7
5690,3
5691,4
5692,4
5693,5
5694,8
5695,5
5696,7
5697,8
5698,10
5699,8
5700,6
5701,4
5702,11
5703,10
5704,6
5705,7
5706,2
5707,5
5708,3
5709,2
5710,3
5711,2
5712,8
5713,6
5714,6
5715,2
5716,4
5717,4
5718,5
5719,12
5720,6
5721,2
5722,1
5723,5
5724,6
5725,7
5726,10
5727,6
5728,2
5729,4
5730,6
5731,8
5732,5
5733,3
5734,8
5735,5
5736,11
5737,2
5738,7
5739,3
5740,10
5741,7
5742,6
5743,1
5744,2
5745,5
5746,6
5747,6
5748,3
5749,4
5750,0
5751,4
5752,10
5753,5
5754,2
5755,11
5756,5
5757,5
5758,8
5759,3
5760,3
5761,5
5762,3
5763,3
5764,6
5765,7
5766,8
5767,5
5768,5
5769,10
5770,6
5771,5
5772,6
5773,8
5774,5
5775,3
5776,2
5777,4
5778,8
5779,4
5780,3
5781,5
5782,2
5783,2
5784,2
5785,3
5786,6
5787,3
5788,6
5789,6
5790,7
5791,5
5792,10
5793,1
5794,6
5795,5
5796,10
5797,6
5798,2
5799,4
5800,8
5801,14
5802,8
5803,4
5804,1
5805,4
5806,4
5807,4
5808,7
5809,1
5810,8
5811,5
5812,4
5813,2
5814,7
5815,12
5816,4
5817,6
5818,4
5819,5
5820,6
5821,6
5822,8
5823,3
5824,8
5825,4
5826,5
5827,6
5828,10
5829,4
5830,3
5831,1
5832,5
5833,10
5834,5
5835,4
5836,6
5837,6
5838,5
5839,5
5840,9
5841,4
5842,7
5843,9
5844,7
5845,10
5846,9
5847,9
5848,5
5849,4
5850,7
5851,9
5852,6
5853,4
5854,3
5855,5
5856,3
5857,8
5858,2
5859,6
5860,6
5861,9
5862,2
5863,6
5864,5
5865,15
5866,8
5867,3
5868,6
5869,5
5870,10
5871,7
5872,3
5873,7
5874,9
5875,11
5876,10
5877,3
5878,3
5879,5
5880,6
5881,4
5882,7
5883,7
5884,4
5885,11
5886,4
5887,3
5888,3
5889,8
5890,7
5891,5
5892,5
5893,4
5894,8
5895,1
5896,4
5897,5
5898,4
5899,5
5900,6
5901,3
5902,8
5903,8
5904,5
5905,3
5906,3
5907,7
5908,4
5909,7
5910,5
5911,11
5912,6
5913,8
5914,7
5915,6
5916,5
5917,6
5918,7
5919,6
5920,1
5921,4
5922,12
5923,7
5924,12
5925,9
5926,6
5927,5
5928,6
5929,7
5930,5
5931,6
5932,3
5933,5
5934,12
5935,4
5936,6
5937,5
5938,5
5939,4
5940,10
5941,7
5942,8
5943,6
5944,7
5945,5
5946,2
5947,7
5948,7
5949,9
5950,6
5951,2
5952,3
5953,4
5954,5
5955,6
5956,6
5957,6
5958,6
5959,4
5960,6
5961,3
5962,1
5963,4
5964,6
5965,4
5966,10
5967,5
5968,3
5969,5
5970,5
5971,10
5972,1
5973,7
5974,4
5975,4
5976,1
5977,2
5978,5
5979,4
5980,3
5981,4
5982,7
5983,7
5984,3
5985,5
5986,5
5987,1
5988,8
5989,5
5990,6
5991,7
5992,7
5993,7
5994,6
5995,3
5996,7
5997,6
5998,4
5999,4
6000,4
6001,5
6002,9
6003,5
6004,4
6005,2
6006,4
6007,5
6008,11
6009,9
6010,3
6011,4
6012,3
6013,8
6014,8
6015,1
6016,6
6017,5
6018,9
6019,7
6020,5
6021,8
6022,6
6023,1
6024,4
6025,7
6026,4
6027,3
6028,5
6029,3
6030,3
6031,9
6032,5
6033,7
6034,4
6035,3
6036,5
6037,1
6038,4
6039,3
6040,4
6041,3
6042,5
6043,2
6044,6
6045,5
6046,4
6047,6
6048,7
6049,1
6050,7
6051,7
6052,8
6053,8
6054,9
6055,4
6056,4
6057,5
6058,5
6059,7
6060,1
6061,4
6062,5
6063,7
6064,3
6065,8
6066,5
6067,7
6068,9
6069,8
6070,12
6071,6
6072,4
6073,6
6074,8
6075,9
6076,6
6077,3
6078,1
6079,4
6080,5
6081,5
6082,4
6083,4
6084,4
6085,5
6086,9
6087,3
6088,5
6089,5
6090,4
6091,10
6092,4
6093,3
6094,7
6095,4
6096,7
6097,4
6098,13
6099,8
6100,6
6101,6
6102,10
6103,5
6104,5
6105,3
6106,3
6107,7
6108,3
6109,5
6110,5
6111,9
6112,7
6113,2
6114,6
6115,4
6116,4
6117,5
6118,4
6119,3
6120,6
6121,11
6122,5
6123,5
6124,7
6125,5
6126,9
6127,6
6128,6
6129,4
6130,7
6131,4
6132,4
6133,3
6134,0
6135,4
6136,3
6137,4
6138,5
6139,3
6140,4
6141,8
6142,7
6143,6
6144,3
6145,6
6146,2
6147,4
6148,3
6149,7
6150,5
6151,5
6152,5
6153,7
6154,2
6155,5
6156,2
6157,5
6158,3
6159,6
6160,4
6161,3
6162,7
6163,3
6164,6
6165,3
6166,7
6167,8
6168,8
6169,4
6170,5
6171,8
6172,7
6173,7
6174,3
6175,2
6176,5
6177,6
6178,4
6179,7
6180,3
6181,7
6182,4
6183,10
6184,7
6185,2
6186,7
6187,2
6188,5
6189,7
6190,7
6191,7
6192,5
6193,6
6194,6
6195,7
6196,3
6197,2
6198,5
6199,5
6200,2
6201,7
6202,5
6203,6
6204,8
6205,2
6206,8
6207,3
6208,11
6209,3
6210,7
6211,3
6212,6
6213,5
6214,4
6215,5
6216,2
6217,6
6218,7
6219,8
6220,4
6221,5
6222,3
6223,2
6224,8
6225,4
6226,2
6227,3
6228,8
6229,6
6230,4
6231,8
6232,5
6233,3
6234,5
6235,5
6236,1
6237,4
6238,4
6239,3
6240,3
6241,4
6242,10
6243,9
6244,4
6245,3
6246,10
6247,4
6248,4
6249,9
6250,9
6251,4
6252,6
6253,5
6254,6
6255,9
6256,5
6257,6
6258,8
6259,5
6260,6
6261,7
6262,9
6263,5
6264,4
6265,3
6266,5
6267,5
6268,9
6269,7
6270,5
6271,2
6272,3
6273,3
6274,7
6275,9
6276,3
6277,5
6278,2
6279,2
6280,7
6281,4
6282,3
6283,2
6284,7
6285,7
6286,5
6287,10
6288,3
6289,5
6290,8
6291,8
6292,9
6293,2
6294,3
6295,9
6296,9
6297,3
6298,9
6299,7
6300,5
6301,8
6302,6
6303,8
6304,8
6305,4
6306,4
6307,6
6308,6
6309,2
6310,3
6311,5
6312,11
6313,5
6314,10
6315,5
6316,9
6317,4
6318,1
6319,7
6320,9
6321,6
6322,4
6323,8
6324,3
6325,13
6326,5
6327,1
6328,6
6329,6
6330,6
6331,1
6332,3
6333,5
6334,4
6335,9
6336,3
6337,3
6338,6
6339,4
6340,3
6341,3
6342,3
6343,1
6344,8
6345,7
6346,1
6347,4
6348,6
6349,2
6350,5
6351,7
6352,6
6353,9
6354,10
6355,8
6356,8
6357,5
6358,10
6359,7
6360,10
6361,8
6362,10
6363,6
6364,4
6365,8
6366,4
6367,3
6368,7
6369,5
6370,4
6371,6
6372,8
6373,3
6374,7
6375,3
6376,3
6377,9
6378,6
6379,7
6380,7
6381,5
6382,4
6383,8
6384,7
6385,13
6386,9
6387,5
6388,7
6389,6
6390,6
6391,3
6392,7
6393,6
6394,8
6395,5
6396,5
6397,6
6398,8
6399,8
6400,4
6401,9
6402,6
6403,6
6404,6
6405,6
6406,7
6407,4
6408,3
6409,4
6410,4
6411,3
6412,1
6413,3
6414,4
6415,5
6416,5
6417,6
6418,2
6419,8
6420,7
6421,3
6422,7
6423,6
6424,2
6425,6
6426,7
6427,4
6428,7
6429,7
6430,0
6431,9
6432,3
6433,5
6434,3
6435,5
6436,5
6437,6
6438,0
6439,4
6440,5
6441,2
6442,7
6443,4
6444,3
6445,6
6446,4
6447,4
6448,10
6449,7
6450,4
6451,5
6452,11
6453,6
6454,7
6455,2
6456,2
6457,5
6458,8
6459,7
6460,6
6461,5
6462,3
6463,6
6464,5
6465,2
6466,4
6467,7
6468,6
6469,4
6470,3
6471,9
6472,5
6473,7
6474,6
6475,7
6476,8
6477,5
6478,5
6479,6
6480,4
6481,7
6482,5
6483,7
6484,0
6485,6
6486,4
6487,5
6488,2
6489,2
6490,7
6491,8
6492,6
6493,7
6494,7
6495,1
6496,2
6497,6
6498,6
6499,5
6500,1
6501,5
6502,4
6503,6
6504,2
6505,7
6506,1
6507,7
6508,5
6509,4
6510,2
6511,8
6512,4
6513,6
6514,3
6515,5
6516,4
6517,10
6518,7
6519,3
6520,5
6521,6
6522,4
6523,5
6524,1
6525,3
6526,7
6527,3
6528,4
6529,3
6530,3
6531,8
6532,4
6533,4
6534,7
6535,5
6536,10
6537,5
6538,6
6539,7
6540,11
6541,6
6542,3
6543,5
6544,5
6545,2
6546,6
6547,3
6548,2
6549,5
6550,5
6551,5
6552,4
6553,4
6554,9
6555,7
6556,4
6557,5
6558,3
6559,6
6560,5
6561,2
6562,5
6563,1
6564,2
6565,4
6566,5
6567,5
6568,6
6569,3
6570,2
6571,2
6572,6
6573,6
6574,7
6575,8
6576,13
6577,3
6578,6
6579,1
6580,5
6581,4
6582,10
6583,8
6584,2
6585,6
6586,5
6587,6
6588,5
6589,4
6590,4
6591,3
6592,2
6593,4
6594,4
6595,2
6596,3
6597,7
6598,5
6599,7
6600,5
6601,8
6602,7
6603,6
6604,9
6605,8
6606,3
6607,3
6608,8
6609,1
6610,5
6611,6
6612,1
6613,4
6614,4
6615,11
6616,2
6617,3
6618,4
6619,5
6620,6
6621,5
6622,8
6623,1
6624,3
6625,4
6626,9
6627,3
6628,4
6629,4
6630,6
6631,10
6632,6
6633,2
6634,5
6635,3
6636,3
6637,6
6638,4
6639,8
6640,7
6641,9
6642,5
6643,7
6644,4
6645,5
6646,3
6647,4
6648,4
6649,2
6650,4
6651,9
6652,6
6653,4
6654,5
6655,4
6656,5
6657,3
6658,6
6659,6
6660,3
6661,3
6662,2
6663,1
6664,4
6665,5
6666,5
6667,8
6668,5
6669,4
6670,3
6671,5
6672,3
6673,11
6674,6
6675,7
6676,7
6677,6
6678,6
6679,3
6680,10
6681,6
6682,8
6683,3
6684,8
6685,3
6686,4
6687,3
6688,3
6689,1
6690,3
6691,2
6692,8
6693,1
6694,3
6695,8
6696,6
6697,2
6698,6
6699,8
6700,2
6701,6
6702,7
6703,4
6704,3
6705,4
6706,6
6707,3
6708,4
6709,8
6710,3
6711,0
6712,11
6713,6
6714,8
6715,12
6716,4
6717,8
6718,5
6719,5
6720,5
6721,5
6722,5
6723,6
6724,2
6725,7
6726,3
6727,6
6728,1
6729,5
6730,6
6731,1
6732,6
6733,3
6734,4
6735,7
6736,6
6737,2
6738,8
6739,8
6740,7
6741,2
6742,6
6743,5
6744,6
6745,9
6746,5
6747,2
6748,3
6749,7
6750,6
6751,11
6752,7
6753,5
6754,3
6755,3
6756,4
6757,9
6758,5
6759,3
6760,7
6761,5
6762,4
6763,6
6764,6
6765,4
6766,3
6767,3
6768,9
6769,5
6770,3
6771,7
6772,5
6773,5
6774,3
6775,6
6776,5
6777,4
6778,5
6779,5
6780,6
6781,5
6782,1
6783,1
6784,3
6785,7
6786,8
6787,2
6788,5
6789,5
6790,4
6791,5
6792,4
6793,7
6794,2
6795,4
6796,7
6797,2
6798,6
6799,3
6800,4
6801,4
6802,6
6803,2
6804,7
6805,2
6806,4
6807,9
6808,4
6809,7
6810,6
6811,2
6812,4
6813,5
6814,5
6815,6
6816,8
6817,2
6818,8
6819,4
6820,4
6821,3
6822,5
6823,2
6824,3
6825,7
6826,5
6827,8
6828,2
6829,1
6830,6
6831,3
6832,5
6833,4
6834,9
6835,3
6836,8
6837,5
6838,3
6839,6
6840,5
6841,4
6842,5
6843,9
6844,4
6845,5
6846,4
6847,1
6848,7
6849,7
6850,1
6851,8
6852,4
6853,8
6854,2
6855,3
6856,2
6857,6
6858,10
6859,5
6860,3
6861,6
6862,3
6863,3
6864,9
6865,8
6866,4
6867,4
6868,3
6869,6
6870,6
6871,10
6872,7
6873,3
6874,4
6875,7
6876,4
6877,6
6878,5
6879,5
6880,8
6881,9
6882,5
6883,4
6884,4
6885,7
6886,2
6887,6
6888,2
6889,5
6890,5
6891,9
6892,5
6893,6
6894,5
6895,4
6896,1
6897,0
6898,2
6899,3
6900,2
6901,6
6902,6
6903,2
6904,5
6905,6
6906,2
6907,4
6908,6
6909,3
6910,2
6911,5
6912,4
6913,5
6914,3
6915,6
6916,5
6917,5
6918,8
6919,4
6920,5
6921,5
6922,6
6923,2
6924,2
6925,6
6926,2
6927,1
6928,3
6929,4
6930,1
6931,4
6932,2
6933,7
6934,5
6935,3
6936,7
6937,6
6938,4
6939,8
6940,2
6941,5
6942,11
6943,5
6944,6
6945,4
6946,6
6947,3
6948,8
6949,2
6950,5
6951,5
6952,8
6953,3
6954,6
6955,3
6956,6
6957,4
6958,1
6959,6
6960,3
6961,2
6962,6
6963,8
6964,4
6965,3
6966,4
6967,2
6968,4
6969,5
6970,3
6971,5
6972,5
6973,8
6974,2
6975,4
6976,7
6977,6
6978,3
6979,6
6980,5
6981,5
6982,8
6983,4
6984,4
6985,9
6986,2
6987,3
6988,3
6989,11
6990,8
6991,2
6992,0
6993,6
6994,3
6995,4
6996,3
6997,3
6998,3
6999,4
7000,6
7001,3
7002,1
7003,9
7004,4
7005,6
7006,3
7007,8
7008,2
7009,7
7010,3
7011,2
7012,9
7013,6
7014,5
7015,2
7016,7
7017,3
7018,3
7019,8
7020,0
7021,8
7022,6
7023,3
7024,5
7025,10
7026,2
7027,4
7028,5
7029,4
7030,3
7031,6
7032,2
7033,4
7034,8
7035,8
7036,6
7037,4
7038,2
7039,10
7040,6
7041,3
7042,6
7043,8
7044,8
7045,4
7046,6
7047,6
7048,5
7049,3
7050,2
7051,2
7052,3
7053,4
7054,4
7055,4
7056,1
7057,2
7058,7
7059,9
7060,4
7061,9
7062,5
7063,6
7064,5
7065,2
7066,2
7067,1
7068,6
7069,7
7070,5
7071,3
7072,4
7073,3
7074,6
7075,2
7076,5
7077,1
7078,4
7079,2
7080,4
7081,0
7082,3
7083,5
7084,6
7085,4
7086,5
7087,6
7088,2
7089,9
7090,5
7091,5
7092,4
7093,8
7094,4
7095,6
7096,5
7097,5
7098,5
7099,1
7100,4
7101,7
7102,7
7103,5
7104,3
7105,2
7106,1
7107,1
7108,4
7109,2
7110,3
7111,5
7112,9
7113,3
7114,4
7115,2
7116,9
7117,1
7118,3
7119,10
7120,6
7121,7
7122,3
7123,4
7124,6
7125,3
7126,5
7127,0
7128,1
7129,3
7130,3
7131,4
7132,3
7133,2
7134,4
7135,1
7136,3
7137,6
7138,3
7139,4
7140,7
7141,1
7142,4
7143,1
7144,2
7145,7
7146,2
7147,3
7148,3
7149,2
7150,5
7151,4
7152,3
7153,7
7154,7
7155,3
7156,7
7157,6
7158,4
7159,2
7160,3
7161,3
7162,4
7163,4
7164,2
7165,4
7166,3
7167,4
7168,8
7169,2
7170,4
7171,5
7172,5
7173,5
7174,0
7175,4
7176,2
7177,6
7178,4
7179,3
7180,3
7181,4
7182,2
7183,4
7184,3
7185,8
7186,0
7187,3
7188,2
7189,4
7190,4
7191,4
7192,7
7193,4
7194,4
7195,4
7196,2
7197,2
7198,2
7199,4
7200,1
7201,6
7202,6
7203,2
7204,0
7205,8
7206,4
7207,7
7208,3
7209,3
7210,5
7211,3
7212,4
7213,2
7214,3
7215,7
7216,5
7217,1
7218,4
7219,3
7220,6
7221,6
7222,5
7223,4
7224,7
7225,5
7226,1
7227,5
7228,8
7229,5
7230,3
7231,4
7232,5
7233,2
7234,8
7235,4
7236,6
7237,3
7238,5
7239,7
7240,1
7241,8
7242,4
7243,5
7244,3
7245,4
7246,7
7247,2
7248,6
7249,3
7250,4
7251,1
7252,5
7253,4
7254,4
7255,5
7256,3
7257,1
7258,5
7259,3
7260,3
7261,3
7262,3
7263,6
7264,4
7265,3
7266,8
7267,6
7268,1
7269,5
7270,5
7271,2
7272,6
7273,5
7274,5
7275,6
7276,4
7277,6
7278,4
7279,4
7280,2
7281,1
7282,5
7283,4
7284,6
7285,5
7286,6
7287,6
7288,6
7289,6
7290,5
7291,9
7292,4
7293,5
7294,4
7295,5
7296,7
7297,7
7298,1
7299,4
7300,5
7301,3
7302,2
7303,1
7304,4
7305,7
7306,3
7307,4
7308,5
7309,5
7310,3
7311,5
7312,4
7313,5
7314,4
7315,6
7316,2
7317,2
7318,6
7319,9
7320,2
7321,2
7322,8
7323,8
7324,6
7325,2
7326,2
7327,6
7328,3
7329,4
7330,8
7331,5
7332,1
7333,5
7334,4
7335,1
7336,3
7337,5
7338,4
7339,7
7340,2
7341,6
7342,3
7343,3
7344,3
7345,2
7346,0
7347,3
7348,2
7349,3
7350,3
7351,4
7352,3
7353,6
7354,2
7355,4
7356,7
7357,3
7358,5
7359,8
7360,8
7361,3
7362,4
7363,3
7364,3
7365,3
7366,4
7367,4
7368,5
7369,5
7370,3
7371,5
7372,4
7373,4
7374,4
7375,3
7376,3
7377,3
7378,6
7379,5
7380,3
7381,5
7382,4
7383,2
7384,7
7385,4
7386,8
7387,1
7388,3
7389,10
7390,5
7391,4
7392,4
7393,6
7394,2
7395,4
7396,7
7397,4
7398,8
7399,4
7400,7
7401,5
7402,3
7403,7
7404,4
7405,9
7406,6
7407,3
7408,2
7409,4
7410,5
7411,5
7412,7
7413,3
7414,6
7415,3
7416,6
7417,7
7418,3
7419,2
7420,2
7421,1
7422,8
7423,2
7424,3
7425,3
7426,0
7427,6
7428,7
7429,1
7430,4
7431,6
7432,2
7433,4
7434,3
7435,6
7436,4
7437,10
7438,6
7439,5
7440,2
7441,3
7442,6
7443,6
7444,6
7445,2
7446,4
7447,4
7448,7
7449,5
7450,3
7451,4
7452,5
7453,2
7454,3
7455,7
7456,3
7457,6
7458,2
7459,3
7460,5
7461,4
7462,3
7463,0
7464,0
7465,4
7466,3
7467,6
7468,3
7469,4
7470,3
7471,3
7472,4
7473,7
7474,5
7475,6
7476,2
7477,3
7478,4
7479,1
7480,3
7481,4
7482,7
7483,4
7484,3
7485,7
7486,3
7487,2
7488,4
7489,1
7490,2
7491,8
7492,6
7493,4
7494,4
7495,5
7496,5
7497,5
7498,8
7499,3
7500,5
7501,5
7502,5
7503,1
7504,4
7505,3
7506,4
7507,4
7508,1
7509,3
7510,2
7511,3
7512,2
7513,3
7514,5
7515,4
7516,6
7517,4
7518,4
7519,2
7520,1
7521,3
7522,4
7523,3
7524,7
7525,3
7526,5
7527,5
7528,1
7529,6
7530,3
7531,1
7532,2
7533,3
7534,9
7535,2
7536,5
7537,1
7538,7
7539,6
7540,5
7541,6
7542,3
7543,3
7544,7
7545,6
7546,2
7547,6
7548,3
7549,1
7550,1
7551,4
7552,4
7553,3
7554,3
7555,4
7556,2
7557,2
7558,7
7559,5
7560,4
7561,5
7562,5
7563,8
7564,4
7565,5
7566,2
7567,2
7568,3
7569,2
7570,3
7571,5
7572,1
7573,3
7574,5
7575,4
7576,3
7577,0
7578,6
7579,2
7580,7
7581,3
7582,3
7583,0
7584,7
7585,1
7586,4
7587,1
7588,3
7589,9
7590,4
7591,2
7592,1
7593,0
7594,3
7595,4
7596,3
7597,2
7598,4
7599,1
7600,2
7601,2
7602,6
7603,5
7604,3
7605,13
7606,4
7607,6
7608,5
7609,2
7610,4
7611,4
7612,5
7613,2
7614,5
7615,1
7616,8
7617,5
7618,2
7619,4
7620,1
7621,3
7622,3
7623,4
7624,5
7625,6
7626,5
7627,1
7628,4
7629,4
7630,5
7631,4
7632,1
7633,2
7634,3
7635,5
7636,3
7637,0
7638,3
7639,4
7640,4
7641,1
7642,3
7643,4
7644,1
7645,4
7646,7
7647,3
7648,6
7649,5
7650,1
7651,9
7652,4
7653,5
7654,3
7655,7
7656,2
7657,9
7658,0
7659,1
7660,8
7661,2
7662,0
7663,6
7664,3
7665,6
7666,3
7667,3
7668,5
7669,4
7670,3
7671,4
7672,2
7673,3
7674,2
7675,3
7676,0
7677,5
7678,6
7679,4
7680,0
7681,3
7682,3
7683,3
7684,2
7685,1
7686,6
7687,5
7688,5
7689,2
7690,2
7691,6
7692,4
7693,2
7694,3
7695,3
7696,5
7697,5
7698,4
7699,2
7700,5
7701,5
7702,6
7703,1
7704,4
7705,2
7706,2
7707,7
7708,3
7709,4
7710,2
7711,3
7712,5
7713,3
7714,7
7715,4
7716,5
7717,4
7718,4
7719,2
7720,6
7721,6
7722,3
7723,5
7724,4
7725,1
7726,3
7727,4
7728,0
7729,1
7730,3
7731,1
7732,6
7733,5
7734,9
7735,5
7736,2
7737,4
7738,1
7739,7
7740,2
7741,6
7742,4
7743,2
7744,2
7745,7
7746,5
7747,3
7748,4
7749,2
7750,4
7751,4
7752,2
7753,4
7754,7
7755,2
7756,4
7757,3
7758,5
7759,3
7760,4
7761,2
7762,4
7763,2
7764,4
7765,4
7766,3
7767,6
7768,4
7769,3
7770,6
7771,0
7772,7
7773,3
7774,4
7775,5
7776,1
7777,5
7778,2
7779,5
7780,2
7781,6
7782,3
7783,3
7784,5
7785,4
7786,5
7787,0
7788,3
7789,3
7790,0
7791,2
7792,6
7793,0
7794,4
7795,4
7796,5
7797,2
7798,3
7799,4
7800,3
7801,4
7802,4
7803,5
7804,3
7805,3
7806,3
7807,1
7808,3
7809,0
7810,3
7811,4
7812,1
7813,7
7814,7
7815,5
7816,4
7817,3
7818,5
7819,2
7820,5
7821,3
7822,3
7823,2
7824,2
7825,3
7826,2
7827,2
7828,6
7829,4
7830,5
7831,5
7832,6
7833,2
7834,2
7835,3
7836,4
7837,6
7838,3
7839,3
7840,3
7841,6
7842,2
7843,2
7844,1
7845,2
7846,5
7847,3
7848,3
7849,0
7850,3
7851,2
7852,1
7853,4
7854,1
7855,8
7856,5
7857,1
7858,3
7859,2
7860,5
7861,1
7862,1
7863,5
7864,7
7865,3
7866,4
7867,1
7868,6
7869,4
7870,1
7871,3
7872,2
7873,3
7874,1
7875,3
7876,3
7877,5
7878,9
7879,5
7880,3
7881,5
7882,2
7883,3
7884,4
7885,7
7886,4
7887,3
7888,6
7889,3
7890,3
7891,5
7892,5
7893,3
7894,5
7895,2
7896,3
7897,3
7898,4
7899,3
7900,2
7901,6
7902,4
7903,4
7904,4
7905,0
7906,3
7907,3
7908,0
7909,5
7910,3
7911,3
7912,3
7913,2
7914,2
7915,2
7916,2
7917,4
7918,0
7919,2
7920,6
7921,3
7922,2
7923,1
7924,3
7925,2
7926,5
7927,1
7928,2
7929,1
7930,2
7931,3
7932,3
7933,4
7934,2
7935,1
7936,4
7937,4
7938,5
7939,1
7940,3
7941,1
7942,4
7943,4
7944,4
7945,5
7946,3
7947,3
7948,1
7949,4
7950,5
7951,4
7952,3
7953,1
7954,3
7955,3
7956,2
7957,3
7958,6
7959,1
7960,2
7961,3
7962,3
7963,3
7964,2
7965,5
7966,5
7967,5
7968,4
7969,1
7970,1
7971,6
7972,2
7973,1
7974,2
7975,2
7976,4
7977,2
7978,5
7979,0
7980,5
7981,4
7982,2
7983,4
7984,1
7985,5
7986,5
7987,8
7988,4
7989,3
7990,2
7991,3
7992,2
7993,3
7994,3
7995,1
7996,5
7997,3
7998,0
7999,1
8000,3
8001,4
8002,3
8003,4
8004,3
8005,1
8006,2
8007,2
8008,4
8009,3
8010,1
8011,6
8012,1
8013,5
8014,1
8015,4
8016,3
8017,6
8018,2
8019,8
8020,3
8021,2
8022,4
8023,2
8024,1
8025,3
8026,4
8027,2
8028,3
8029,4
8030,3
8031,3
8032,4
8033,0
8034,1
8035,4
8036,1
8037,2
8038,1
8039,4
8040,1
8041,3
8042,4
8043,7
8044,1
8045,5
8046,5
8047,4
8048,6
8049,6
8050,5
8051,5
8052,4
8053,4
8054,5
8055,1
8056,8
8057,1
8058,1
8059,2
8060,3
8061,4
8062,3
8063,5
8064,5
8065,5
8066,4
8067,3
8068,3
8069,4
8070,4
8071,5
8072,4
8073,3
8074,5
8075,3
8076,4
8077,3
8078,5
8079,5
8080,5
8081,5
8082,2
8083,4
8084,5
8085,1
8086,1
8087,3
8088,3
8089,1
8090,3
8091,1
8092,6
8093,4
8094,5
8095,0
8096,2
8097,2
8098,4
8099,2
8100,8
8101,4
8102,2
8103,3
8104,4
8105,5
8106,5
8107,6
8108,4
8109,5
8110,2
8111,3
8112,3
8113,1
8114,3
8115,2
8116,4
8117,6
8118,5
8119,6
8120,4
8121,3
8122,3
8123,1
8124,4
8125,4
8126,1
8127,6
8128,4
8129,6
8130,1
8131,2
8132,5
8133,7
8134,1
8135,4
8136,1
8137,1
8138,1
8139,3
8140,0
8141,5
8142,3
8143,3
8144,6
8145,4
8146,3
8147,7
8148,4
8149,3
8150,7
8151,3
8152,3
8153,0
8154,2
8155,1
8156,5
8157,3
8158,5
8159,2
8160,3
8161,3
8162,3
8163,2
8164,2
8165,1
8166,4
8167,3
8168,2
8169,4
8170,5
8171,4
8172,1
8173,2
8174,2
8175,2
8176,5
8177,3
8178,2
8179,4
8180,3
8181,3
8182,1
8183,2
8184,2
8185,1
8186,1
8187,0
8188,0
8189,0
8190,0
8191,0
8192,0
8193,0
8194,0
