Channel,Counts
0,0
1,0
2,0
3,0
4,0
5,0
6,0
7,0
8,0
9,0
10,0
11,0
12,0
13,0
14,0
15,0
16,0
17,0
18,0
19,0
20,0
21,0
22,0
23,0
24,0
25,0
26,0
27,0
28,0
29,0
30,0
31,0
32,0
33,0
34,0
35,0
36,0
37,0
38,0
39,0
40,0
41,0
42,0
43,0
44,0
45,0
46,0
47,0
48,0
49,0
50,0
51,0
52,0
53,0
54,0
55,0
56,0
57,0
58,0
59,0
60,0
61,0
62,0
63,0
64,0
65,0
66,0
67,0
68,0
69,0
70,0
71,0
72,0
73,0
74,0
75,0
76,0
77,0
78,0
79,0
80,0
81,0
82,0
83,0
84,0
85,0
86,0
87,0
88,14
89,10
90,11
91,19
92,27
93,21
94,26
95,23
96,20
97,14
98,20
99,20
100,33
101,18
102,26
103,25
104,20
105,22
106,30
107,19
108,27
109,29
110,21
111,26
112,20
113,22
114,18
115,20
116,27
117,18
118,16
119,14
120,22
121,18
122,23
123,30
124,24
125,26
126,24
127,21
128,30
129,24
130,25
131,22
132,23
133,27
134,28
135,18
136,17
137,20
138,17
139,30
140,20
141,17
142,26
143,18
144,23
145,21
146,21
147,29
148,32
149,32
150,19
151,21
152,25
153,31
154,32
155,22
156,21
157,28
158,20
159,20
160,19
161,22
162,33
163,28
164,23
165,24
166,23
167,27
168,27
169,23
170,22
171,22
172,22
173,22
174,25
175,28
176,27
177,16
178,24
179,21
180,25
181,31
182,30
183,24
184,22
185,30
186,24
187,20
188,24
189,29
190,19
191,30
192,27
193,31
194,20
195,26
196,22
197,29
198,30
199,35
200,22
201,32
202,25
203,31
204,30
205,18
206,27
207,33
208,25
209,40
210,24
211,35
212,33
213,26
214,24
215,32
216,38
217,39
218,33
219,35
220,26
221,36
222,41
223,33
224,39
225,35
226,40
227,36
228,43
229,34
230,39
231,44
232,42
233,46
234,40
235,45
236,32
237,41
238,34
239,43
240,48
241,44
242,58
243,38
244,36
245,39
246,53
247,47
248,37
249,43
250,42
251,54
252,46
253,43
254,65
255,38
256,63
257,59
258,61
259,67
260,58
261,67
262,49
263,69
264,44
265,68
266,64
267,72
268,72
269,69
270,57
271,69
272,72
273,67
274,62
275,71
276,62
277,61
278,69
279,76
280,74
281,93
282,82
283,100
284,90
285,92
286,106
287,103
288,110
289,100
290,89
291,90
292,109
293,102
294,136
295,109
296,109
297,99
298,106
299,107
300,129
301,103
302,122
303,115
304,119
305,131
306,131
307,147
308,134
309,148
310,154
311,154
312,153
313,165
314,170
315,185
316,159
317,178
318,201
319,161
320,177
321,178
322,189
323,165
324,216
325,199
326,213
327,212
328,219
329,249
330,224
331,217
332,246
333,236
334,218
335,259
336,270
337,259
338,267
339,270
340,265
341,288
342,269
343,315
344,314
345,316
346,334
347,324
348,355
349,317
350,365
351,332
352,352
353,373
354,372
355,387
356,414
357,383
358,416
359,402
360,442
361,440
362,418
363,421
364,523
365,436
366,479
367,521
368,510
369,527
370,519
371,505
372,510
373,599
374,513
375,547
376,625
377,593
378,608
379,690
380,601
381,654
382,663
383,711
384,694
385,670
386,695
387,749
388,759
389,738
390,760
391,793
392,781
393,816
394,884
395,793
396,828
397,848
398,883
399,911
400,920
401,919
402,977
403,954
404,1009
405,1043
406,1034
407,1065
408,1013
409,1131
410,1139
411,1176
412,1113
413,1213
414,1151
415,1185
416,1201
417,1235
418,1289
419,1247
420,1323
421,1300
422,1412
423,1405
424,1396
425,1429
426,1466
427,1470
428,1590
429,1537
430,1613
431,1576
432,1611
433,1710
434,1666
435,1696
436,1763
437,1681
438,1720
439,1797
440,1815
441,1850
442,1903
443,1937
444,1989
445,2013
446,2003
447,2058
448,2146
449,2182
450,2165
451,2141
452,2195
453,2246
454,2234
455,2289
456,2377
457,2284
458,2540
459,2400
460,2450
461,2449
462,2502
463,2538
464,2548
465,2550
466,2645
467,2664
468,2718
469,2769
470,2815
471,2890
472,2863
473,2903
474,3029
475,3039
476,3138
477,3176
478,3075
479,3211
480,3173
481,3201
482,3381
483,3242
484,3464
485,3490
486,3450
487,3571
488,3603
489,3572
490,3576
491,3765
492,3777
493,3795
494,3740
495,3928
496,3881
497,4007
498,4121
499,4129
500,4170
501,4100
502,4240
503,4147
504,4374
505,4344
506,4333
507,4429
508,4436
509,4524
510,4484
511,4561
512,4640
513,4651
514,4731
515,4805
516,4982
517,4921
518,4875
519,5145
520,5018
521,5064
522,5158
523,5229
524,5320
525,5306
526,5346
527,5454
528,5424
529,5484
530,5546
531,5581
532,5744
533,5785
534,5727
535,5941
536,5722
537,6025
538,6070
539,5989
540,6136
541,6050
542,6232
543,6336
544,6391
545,6174
546,6299
547,6487
548,6534
549,6525
550,6601
551,6792
552,6876
553,6786
554,6750
555,6752
556,6928
557,6996
558,7034
559,7252
560,7098
561,7302
562,7244
563,7226
564,7467
565,7479
566,7504
567,7478
568,7585
569,7644
570,7645
571,7640
572,7974
573,7895
574,7906
575,7933
576,8136
577,8108
578,8068
579,8113
580,8198
581,8490
582,8316
583,8403
584,8380
585,8592
586,8492
587,8469
588,8769
589,8725
590,8813
591,8677
592,8809
593,8924
594,8907
595,9075
596,9115
597,8989
598,9074
599,9125
600,9189
601,9224
602,9178
603,9275
604,9464
605,9435
606,9627
607,9532
608,9854
609,9690
610,9586
611,9630
612,9704
613,9790
614,9913
615,9986
616,9980
617,10014
618,10087
619,10243
620,9970
621,10173
622,10396
623,10404
624,10327
625,10165
626,10658
627,10541
628,10599
629,10499
630,10395
631,10622
632,10605
633,10677
634,10556
635,10730
636,10897
637,10923
638,10888
639,11085
640,10826
641,10973
642,11040
643,11010
644,11074
645,11026
646,11134
647,11305
648,11206
649,11285
650,11284
651,11301
652,11518
653,11272
654,11536
655,11462
656,11243
657,11525
658,11542
659,11656
660,11667
661,11602
662,11705
663,11679
664,11756
665,11880
666,11808
667,11919
668,11998
669,11951
670,12193
671,12183
672,12063
673,11934
674,11994
675,12242
676,12194
677,12299
678,12149
679,12074
680,12257
681,12259
682,12327
683,12266
684,12198
685,12112
686,12378
687,12333
688,12313
689,12425
690,12521
691,12483
692,12300
693,12508
694,12405
695,12460
696,12493
697,12563
698,12595
699,12342
700,12693
701,12613
702,12500
703,12804
704,12738
705,12639
706,12889
707,12854
708,12776
709,12835
710,12654
711,12775
712,12938
713,12775
714,12899
715,12699
716,12767
717,12912
718,12764
719,12815
720,12966
721,12872
722,12980
723,12812
724,13004
725,12780
726,13071
727,12845
728,12865
729,12845
730,12955
731,12847
732,12974
733,12873
734,12822
735,12843
736,13004
737,12973
738,13070
739,12889
740,13123
741,13000
742,13024
743,13173
744,12917
745,12907
746,13121
747,13005
748,13149
749,13088
750,12833
751,13036
752,13135
753,12940
754,12892
755,13098
756,13161
757,13032
758,12907
759,12889
760,12878
761,12958
762,13113
763,12915
764,13055
765,12934
766,12993
767,13080
768,12949
769,13040
770,13030
771,12958
772,13061
773,12889
774,13121
775,13010
776,12880
777,13028
778,12982
779,12873
780,13024
781,12928
782,12777
783,13006
784,13073
785,13071
786,12831
787,12862
788,12918
789,12976
790,12689
791,12921
792,12886
793,12854
794,12892
795,12732
796,12831
797,12936
798,12694
799,12855
800,12831
801,12770
802,12593
803,12504
804,12808
805,12738
806,12709
807,12716
808,12598
809,12682
810,12672
811,12623
812,12550
813,12425
814,12445
815,12845
816,12571
817,12533
818,12394
819,12715
820,12554
821,12581
822,12607
823,12493
824,12575
825,12450
826,12522
827,12349
828,12220
829,12235
830,12418
831,12327
832,12352
833,12414
834,12139
835,12476
836,12400
837,12488
838,12273
839,12362
840,12442
841,12116
842,12143
843,12200
844,12233
845,12320
846,12174
847,12220
848,12161
849,12228
850,12254
851,11969
852,12081
853,12180
854,12050
855,12162
856,11853
857,12018
858,11879
859,12109
860,11830
861,11985
862,11860
863,11938
864,11897
865,11961
866,11863
867,11987
868,11717
869,11774
870,11789
871,11846
872,11722
873,11675
874,11761
875,11833
876,11767
877,11866
878,11881
879,11809
880,11626
881,11672
882,11661
883,11508
884,11621
885,11379
886,11503
887,11726
888,11655
889,11521
890,11457
891,11501
892,11376
893,11348
894,11338
895,11396
896,11460
897,11385
898,11454
899,11393
900,11532
901,11358
902,11478
903,11301
904,11280
905,11240
906,11118
907,11362
908,11214
909,11218
910,10965
911,11069
912,11059
913,10949
914,11239
915,11287
916,11020
917,11067
918,11126
919,11167
920,11050
921,11058
922,10899
923,11035
924,10666
925,11201
926,10739
927,10516
928,10872
929,10754
930,10836
931,10981
932,10841
933,10810
934,10892
935,10858
936,10666
937,10693
938,10549
939,10818
940,10784
941,10656
942,10779
943,10685
944,10437
945,10711
946,10665
947,10618
948,10555
949,10547
950,10595
951,10802
952,10406
953,10550
954,10427
955,10363
956,10288
957,10416
958,10178
959,10374
960,10219
961,10409
962,10220
963,10437
964,10445
965,10273
966,10389
967,10038
968,10170
969,10093
970,10197
971,10224
972,10049
973,10114
974,10313
975,9981
976,10169
977,10000
978,9989
979,9989
980,10070
981,10005
982,9848
983,9897
984,9854
985,9879
986,10025
987,9780
988,9804
989,9806
990,9950
991,9807
992,9667
993,9887
994,9584
995,9835
996,9712
997,9775
998,9627
999,9673
1000,9754
1001,9526
1002,9593
1003,9439
1004,9645
1005,9533
1006,9581
1007,9523
1008,9585
1009,9649
1010,9444
1011,9466
1012,9490
1013,9368
1014,9398
1015,9433
1016,9375
1017,9449
1018,9280
1019,9409
1020,9379
1021,9362
1022,9267
1023,9247
1024,9303
1025,9052
1026,9285
1027,9079
1028,9147
1029,9247
1030,9244
1031,9106
1032,9324
1033,9266
1034,9103
1035,9165
1036,8972
1037,9073
1038,9354
1039,9017
1040,9010
1041,9110
1042,9125
1043,8937
1044,8926
1045,9023
1046,8952
1047,8947
1048,9015
1049,8857
1050,8815
1051,8884
1052,8793
1053,8829
1054,8766
1055,8727
1056,8863
1057,8901
1058,8731
1059,8713
1060,8618
1061,8754
1062,8777
1063,8694
1064,8780
1065,8795
1066,8633
1067,8562
1068,8761
1069,8667
1070,8610
1071,8530
1072,8523
1073,8510
1074,8522
1075,8418
1076,8423
1077,8559
1078,8410
1079,8588
1080,8445
1081,8425
1082,8538
1083,8372
1084,8425
1085,8384
1086,8318
1087,8238
1088,8382
1089,8275
1090,8395
1091,8381
1092,8311
1093,8286
1094,8388
1095,8117
1096,8305
1097,7997
1098,8324
1099,8114
1100,8215
1101,8182
1102,8111
1103,8204
1104,7961
1105,8106
1106,8179
1107,8004
1108,7927
1109,8061
1110,8035
1111,8082
1112,8044
1113,7968
1114,7801
1115,8066
1116,7860
1117,7900
1118,7888
1119,7880
1120,7877
1121,7932
1122,7806
1123,7896
1124,7836
1125,7897
1126,7901
1127,7867
1128,8003
1129,7888
1130,7583
1131,7687
1132,7712
1133,7713
1134,7749
1135,7736
1136,7485
1137,7734
1138,7482
1139,7649
1140,7635
1141,7549
1142,7572
1143,7661
1144,7485
1145,7383
1146,7545
1147,7507
1148,7453
1149,7709
1150,7343
1151,7527
1152,7396
1153,7509
1154,7469
1155,7454
1156,7466
1157,7472
1158,7371
1159,7148
1160,7302
1161,7464
1162,7186
1163,7329
1164,7190
1165,7344
1166,7179
1167,7187
1168,7148
1169,7225
1170,7135
1171,7099
1172,7191
1173,7299
1174,7140
1175,7253
1176,7049
1177,7065
1178,7208
1179,7105
1180,7028
1181,7135
1182,7116
1183,6993
1184,6901
1185,6972
1186,7042
1187,7115
1188,6968
1189,6807
1190,6900
1191,6921
1192,6801
1193,6992
1194,6861
1195,6911
1196,6950
1197,6893
1198,6886
1199,7040
1200,6794
1201,6727
1202,6875
1203,6902
1204,6792
1205,6771
1206,6846
1207,6763
1208,6830
1209,6706
1210,6833
1211,6781
1212,6593
1213,6728
1214,6724
1215,6990
1216,6797
1217,6730
1218,6616
1219,6678
1220,6643
1221,6587
1222,6671
1223,6768
1224,6685
1225,6644
1226,6672
1227,6492
1228,6501
1229,6645
1230,6597
1231,6602
1232,6515
1233,6564
1234,6578
1235,6458
1236,6460
1237,6350
1238,6472
1239,6480
1240,6455
1241,6428
1242,6429
1243,6350
1244,6330
1245,6168
1246,6267
1247,6306
1248,6221
1249,6441
1250,6392
1251,6264
1252,6333
1253,6231
1254,6114
1255,6259
1256,6331
1257,6287
1258,6244
1259,6084
1260,6174
1261,6257
1262,6165
1263,6108
1264,6242
1265,6134
1266,6019
1267,6039
1268,6005
1269,6153
1270,6104
1271,6200
1272,6056
1273,6255
1274,6061
1275,6069
1276,6028
1277,6002
1278,5891
1279,5978
1280,6029
1281,6041
1282,6014
1283,6006
1284,5975
1285,5938
1286,5827
1287,5981
1288,5891
1289,5999
1290,5897
1291,5967
1292,5897
1293,5886
1294,5824
1295,5733
1296,5826
1297,5738
1298,5762
1299,5797
1300,5715
1301,5950
1302,5811
1303,5793
1304,5790
1305,5885
1306,5708
1307,5842
1308,5702
1309,5753
1310,5686
1311,5680
1312,5730
1313,5781
1314,5649
1315,5642
1316,5709
1317,5595
1318,5603
1319,5575
1320,5475
1321,5470
1322,5600
1323,5535
1324,5552
1325,5456
1326,5548
1327,5453
1328,5617
1329,5470
1330,5527
1331,5609
1332,5472
1333,5289
1334,5513
1335,5536
1336,5465
1337,5473
1338,5387
1339,5436
1340,5317
1341,5497
1342,5387
1343,5382
1344,5345
1345,5431
1346,5328
1347,5416
1348,5316
1349,5392
1350,5353
1351,5207
1352,5277
1353,5290
1354,5229
1355,5295
1356,5240
1357,5211
1358,5343
1359,5263
1360,5238
1361,5112
1362,5315
1363,5185
1364,5120
1365,5106
1366,5191
1367,5135
1368,5144
1369,5182
1370,5142
1371,5162
1372,5233
1373,5020
1374,5166
1375,4962
1376,5125
1377,5145
1378,5054
1379,4980
1380,5078
1381,5130
1382,5069
1383,4993
1384,4957
1385,5045
1386,5100
1387,5014
1388,4971
1389,4978
1390,5105
1391,4949
1392,4862
1393,4942
1394,4926
1395,4956
1396,4877
1397,4945
1398,4936
1399,4805
1400,4907
1401,4915
1402,4698
1403,4858
1404,4884
1405,4816
1406,4849
1407,4752
1408,4770
1409,4906
1410,4752
1411,4716
1412,4713
1413,4701
1414,4778
1415,4819
1416,4760
1417,4751
1418,4704
1419,4577
1420,4750
1421,4802
1422,4792
1423,4717
1424,4777
1425,4637
1426,4645
1427,4676
1428,4637
1429,4685
1430,4643
1431,4750
1432,4580
1433,4567
1434,4628
1435,4619
1436,4591
1437,4640
1438,4581
1439,4692
1440,4532
1441,4520
1442,4522
1443,4548
1444,4467
1445,4484
1446,4536
1447,4555
1448,4547
1449,4466
1450,4478
1451,4523
1452,4382
1453,4424
1454,4524
1455,4345
1456,4452
1457,4477
1458,4432
1459,4472
1460,4517
1461,4517
1462,4285
1463,4324
1464,4343
1465,4443
1466,4345
1467,4295
1468,4367
1469,4245
1470,4338
1471,4443
1472,4322
1473,4325
1474,4320
1475,4314
1476,4350
1477,4427
1478,4184
1479,4338
1480,4298
1481,4289
1482,4129
1483,4343
1484,4218
1485,4191
1486,4218
1487,4169
1488,4225
1489,4204
1490,4216
1491,4145
1492,4199
1493,4086
1494,4110
1495,4371
1496,4065
1497,4148
1498,4092
1499,4065
1500,4112
1501,4119
1502,4113
1503,4024
1504,4081
1505,3991
1506,4120
1507,4088
1508,4115
1509,4018
1510,4043
1511,3962
1512,3978
1513,4018
1514,4101
1515,4012
1516,4159
1517,4040
1518,3949
1519,4053
1520,4048
1521,3902
1522,3963
1523,4077
1524,3937
1525,3850
1526,3994
1527,3907
1528,3862
1529,3870
1530,3858
1531,3921
1532,3827
1533,3864
1534,3919
1535,3829
1536,3902
1537,3833
1538,3989
1539,3796
1540,3884
1541,3780
1542,3815
1543,3795
1544,3899
1545,3758
1546,3909
1547,3689
1548,3846
1549,3770
1550,3709
1551,3848
1552,3893
1553,3749
1554,3720
1555,3766
1556,3705
1557,3741
1558,3738
1559,3683
1560,3737
1561,3708
1562,3589
1563,3745
1564,3655
1565,3607
1566,3676
1567,3686
1568,3569
1569,3573
1570,3723
1571,3614
1572,3649
1573,3577
1574,3590
1575,3618
1576,3517
1577,3600
1578,3622
1579,3600
1580,3617
1581,3511
1582,3712
1583,3556
1584,3570
1585,3431
1586,3523
1587,3526
1588,3623
1589,3489
1590,3512
1591,3554
1592,3511
1593,3499
1594,3392
1595,3382
1596,3508
1597,3388
1598,3405
1599,3488
1600,3555
1601,3430
1602,3562
1603,3463
1604,3375
1605,3511
1606,3439
1607,3362
1608,3504
1609,3407
1610,3467
1611,3462
1612,3414
1613,3500
1614,3356
1615,3295
1616,3377
1617,3490
1618,3298
1619,3373
1620,3212
1621,3420
1622,3435
1623,3317
1624,3241
1625,3423
1626,3317
1627,3291
1628,3376
1629,3302
1630,3324
1631,3300
1632,3264
1633,3285
1634,3338
1635,3306
1636,3280
1637,3302
1638,3259
1639,3239
1640,3330
1641,3228
1642,3311
1643,3227
1644,3167
1645,3212
1646,3244
1647,3043
1648,3246
1649,3218
1650,3193
1651,3181
1652,3215
1653,3184
1654,3202
1655,3244
1656,3139
1657,3050
1658,3129
1659,3175
1660,3222
1661,3093
1662,3142
1663,3152
1664,3193
1665,3133
1666,3116
1667,3082
1668,3040
1669,2986
1670,3086
1671,3051
1672,3016
1673,3024
1674,3138
1675,3028
1676,3042
1677,3029
1678,3120
1679,3058
1680,3067
1681,3004
1682,3017
1683,3049
1684,2892
1685,3005
1686,3033
1687,2901
1688,3046
1689,3033
1690,3038
1691,3003
1692,2952
1693,2877
1694,2880
1695,2948
1696,3006
1697,2964
1698,2977
1699,2943
1700,2960
1701,2939
1702,2984
1703,2904
1704,2971
1705,2851
1706,2777
1707,2966
1708,2852
1709,2809
1710,2916
1711,2858
1712,2727
1713,2966
1714,2751
1715,2810
1716,2958
1717,2857
1718,2718
1719,2784
1720,2890
1721,2828
1722,2856
1723,2793
1724,2819
1725,2872
1726,2679
1727,2765
1728,2804
1729,2812
1730,2838
1731,2762
1732,2813
1733,2739
1734,2787
1735,2766
1736,2822
1737,2727
1738,2700
1739,2667
1740,2774
1741,2806
1742,2667
1743,2758
1744,2686
1745,2683
1746,2727
1747,2691
1748,2740
1749,2709
1750,2615
1751,2645
1752,2690
1753,2784
1754,2568
1755,2697
1756,2650
1757,2603
1758,2669
1759,2547
1760,2567
1761,2631
1762,2552
1763,2543
1764,2726
1765,2584
1766,2525
1767,2528
1768,2620
1769,2638
1770,2474
1771,2562
1772,2636
1773,2673
1774,2558
1775,2573
1776,2535
1777,2554
1778,2493
1779,2549
1780,2504
1781,2637
1782,2561
1783,2481
1784,2592
1785,2578
1786,2481
1787,2501
1788,2624
1789,2523
1790,2479
1791,2448
1792,2630
1793,2449
1794,2464
1795,2459
1796,2327
1797,2445
1798,2517
1799,2375
1800,2505
1801,2417
1802,2447
1803,2428
1804,2462
1805,2396
1806,2415
1807,2414
1808,2424
1809,2395
1810,2415
1811,2408
1812,2459
1813,2377
1814,2376
1815,2457
1816,2389
1817,2408
1818,2287
1819,2402
1820,2422
1821,2379
1822,2337
1823,2272
1824,2414
1825,2318
1826,2397
1827,2326
1828,2334
1829,2268
1830,2325
1831,2305
1832,2292
1833,2403
1834,2299
1835,2361
1836,2253
1837,2320
1838,2242
1839,2291
1840,2282
1841,2303
1842,2316
1843,2234
1844,2333
1845,2298
1846,2247
1847,2248
1848,2303
1849,2278
1850,2258
1851,2199
1852,2224
1853,2196
1854,2400
1855,2258
1856,2188
1857,2293
1858,2094
1859,2289
1860,2144
1861,2175
1862,2175
1863,2202
1864,2197
1865,2103
1866,2211
1867,2290
1868,2127
1869,2170
1870,2130
1871,2201
1872,2180
1873,2182
1874,2166
1875,2148
1876,2217
1877,2132
1878,2111
1879,2196
1880,2221
1881,2174
1882,2204
1883,2147
1884,2158
1885,2143
1886,2142
1887,2176
1888,2060
1889,2165
1890,2039
1891,2116
1892,2082
1893,2132
1894,2035
1895,2059
1896,2085
1897,2087
1898,2048
1899,2031
1900,2043
1901,2113
1902,2099
1903,2073
1904,2062
1905,2061
1906,2088
1907,2079
1908,2007
1909,2033
1910,2000
1911,2077
1912,1980
1913,2058
1914,1995
1915,2009
1916,2039
1917,2001
1918,2055
1919,1917
1920,2000
1921,1979
1922,2035
1923,2071
1924,2009
1925,1959
1926,2086
1927,1947
1928,1904
1929,2007
1930,2043
1931,1997
1932,2002
1933,1979
1934,1862
1935,1915
1936,1920
1937,1938
1938,1980
1939,1931
1940,1993
1941,1899
1942,1890
1943,2004
1944,1836
1945,1936
1946,1913
1947,1886
1948,1905
1949,1862
1950,1905
1951,1898
1952,1865
1953,1915
1954,1875
1955,1855
1956,1913
1957,1870
1958,1819
1959,1919
1960,1904
1961,1952
1962,1856
1963,1863
1964,1852
1965,1916
1966,1821
1967,1822
1968,1848
1969,1869
1970,1845
1971,1845
1972,1847
1973,1810
1974,1785
1975,1776
1976,1845
1977,1766
1978,1802
1979,1812
1980,1763
1981,1805
1982,1826
1983,1772
1984,1775
1985,1803
1986,1747
1987,1811
1988,1813
1989,1803
1990,1784
1991,1796
1992,1745
1993,1776
1994,1775
1995,1705
1996,1746
1997,1734
1998,1698
1999,1755
2000,1666
2001,1731
2002,1776
2003,1718
2004,1776
2005,1711
2006,1712
2007,1725
2008,1665
2009,1719
2010,1714
2011,1750
2012,1728
2013,1773
2014,1678
2015,1700
2016,1745
2017,1632
2018,1681
2019,1712
2020,1621
2021,1660
2022,1674
2023,1664
2024,1648
2025,1627
2026,1684
2027,1674
2028,1683
2029,1693
2030,1595
2031,1641
2032,1706
2033,1614
2034,1718
2035,1621
2036,1682
2037,1557
2038,1655
2039,1692
2040,1694
2041,1659
2042,1599
2043,1622
2044,1659
2045,1550
2046,1681
2047,1614
2048,1595
2049,1624
2050,1571
2051,1630
2052,1571
2053,1645
2054,1592
2055,1568
2056,1556
2057,1596
2058,1541
2059,1606
2060,1600
2061,1559
2062,1579
2063,1534
2064,1600
2065,1545
2066,1579
2067,1565
2068,1560
2069,1553
2070,1531
2071,1520
2072,1588
2073,1599
2074,1517
2075,1499
2076,1509
2077,1510
2078,1487
2079,1613
2080,1442
2081,1480
2082,1550
2083,1490
2084,1435
2085,1545
2086,1489
2087,1534
2088,1481
2089,1474
2090,1478
2091,1496
2092,1471
2093,1516
2094,1488
2095,1444
2096,1449
2097,1443
2098,1484
2099,1448
2100,1484
2101,1448
2102,1447
2103,1449
2104,1471
2105,1410
2106,1397
2107,1421
2108,1438
2109,1443
2110,1407
2111,1491
2112,1373
2113,1380
2114,1502
2115,1427
2116,1396
2117,1447
2118,1455
2119,1453
2120,1400
2121,1421
2122,1435
2123,1425
2124,1371
2125,1360
2126,1415
2127,1354
2128,1464
2129,1386
2130,1310
2131,1374
2132,1393
2133,1474
2134,1455
2135,1335
2136,1402
2137,1437
2138,1373
2139,1444
2140,1331
2141,1397
2142,1382
2143,1348
2144,1363
2145,1359
2146,1343
2147,1307
2148,1367
2149,1347
2150,1334
2151,1360
2152,1346
2153,1347
2154,1357
2155,1359
2156,1409
2157,1304
2158,1290
2159,1285
2160,1355
2161,1345
2162,1311
2163,1277
2164,1406
2165,1343
2166,1357
2167,1302
2168,1282
2169,1277
2170,1270
2171,1293
2172,1286
2173,1312
2174,1296
2175,1261
2176,1298
2177,1323
2178,1362
2179,1300
2180,1309
2181,1276
2182,1328
2183,1309
2184,1351
2185,1258
2186,1286
2187,1234
2188,1277
2189,1260
2190,1249
2191,1274
2192,1245
2193,1248
2194,1234
2195,1231
2196,1228
2197,1250
2198,1169
2199,1228
2200,1280
2201,1225
2202,1259
2203,1224
2204,1262
2205,1229
2206,1246
2207,1248
2208,1199
2209,1219
2210,1183
2211,1217
2212,1241
2213,1184
2214,1166
2215,1248
2216,1166
2217,1229
2218,1219
2219,1191
2220,1205
2221,1150
2222,1224
2223,1206
2224,1208
2225,1142
2226,1129
2227,1212
2228,1179
2229,1139
2230,1175
2231,1148
2232,1160
2233,1220
2234,1137
2235,1095
2236,1191
2237,1187
2238,1197
2239,1208
2240,1181
2241,1216
2242,1173
2243,1130
2244,1168
2245,1115
2246,1136
2247,1119
2248,1155
2249,1123
2250,1127
2251,1132
2252,1150
2253,1117
2254,1112
2255,1071
2256,1128
2257,1132
2258,1132
2259,1088
2260,1139
2261,1098
2262,1070
2263,1142
2264,1115
2265,1105
2266,1072
2267,1067
2268,1144
2269,1112
2270,1132
2271,1102
2272,1082
2273,1091
2274,1070
2275,1119
2276,1085
2277,1066
2278,1043
2279,1111
2280,1092
2281,1051
2282,1136
2283,1090
2284,1016
2285,1060
2286,1047
2287,1089
2288,1097
2289,1106
2290,1033
2291,1021
2292,1063
2293,1080
2294,1080
2295,1054
2296,989
2297,1047
2298,1068
2299,1021
2300,1061
2301,1035
2302,1069
2303,997
2304,1045
2305,1064
2306,1055
2307,985
2308,1045
2309,1027
2310,1022
2311,1013
2312,1034
2313,1017
2314,1017
2315,952
2316,1007
2317,1028
2318,1006
2319,979
2320,980
2321,1028
2322,1058
2323,1042
2324,979
2325,966
2326,999
2327,1015
2328,1021
2329,1021
2330,1022
2331,1025
2332,1008
2333,991
2334,986
2335,993
2336,1038
2337,1034
2338,937
2339,983
2340,984
2341,990
2342,970
2343,979
2344,1007
2345,991
2346,987
2347,996
2348,917
2349,1010
2350,963
2351,903
2352,951
2353,955
2354,973
2355,956
2356,949
2357,933
2358,949
2359,992
2360,945
2361,924
2362,985
2363,890
2364,894
2365,920
2366,955
2367,945
2368,939
2369,982
2370,920
2371,934
2372,925
2373,920
2374,930
2375,927
2376,938
2377,937
2378,938
2379,891
2380,956
2381,901
2382,907
2383,926
2384,877
2385,890
2386,858
2387,906
2388,895
2389,972
2390,925
2391,911
2392,916
2393,905
2394,898
2395,803
2396,899
2397,875
2398,893
2399,861
2400,896
2401,877
2402,877
2403,956
2404,864
2405,872
2406,877
2407,869
2408,832
2409,905
2410,827
2411,863
2412,869
2413,874
2414,874
2415,808
2416,855
2417,937
2418,841
2419,906
2420,857
2421,790
2422,851
2423,863
2424,868
2425,856
2426,848
2427,882
2428,824
2429,855
2430,856
2431,822
2432,838
2433,776
2434,767
2435,860
2436,823
2437,836
2438,869
2439,786
2440,811
2441,868
2442,825
2443,836
2444,835
2445,781
2446,791
2447,787
2448,832
2449,794
2450,757
2451,794
2452,788
2453,814
2454,870
2455,783
2456,837
2457,782
2458,815
2459,818
2460,833
2461,791
2462,815
2463,762
2464,768
2465,811
2466,793
2467,770
2468,778
2469,812
2470,852
2471,777
2472,782
2473,784
2474,754
2475,785
2476,751
2477,788
2478,767
2479,770
2480,808
2481,782
2482,705
2483,715
2484,746
2485,791
2486,783
2487,785
2488,829
2489,766
2490,744
2491,756
2492,733
2493,739
2494,774
2495,789
2496,707
2497,775
2498,753
2499,730
2500,781
2501,732
2502,769
2503,742
2504,706
2505,705
2506,741
2507,719
2508,761
2509,710
2510,707
2511,660
2512,719
2513,715
2514,766
2515,701
2516,735
2517,737
2518,742
2519,725
2520,718
2521,752
2522,746
2523,728
2524,742
2525,709
2526,700
2527,684
2528,667
2529,701
2530,680
2531,698
2532,737
2533,699
2534,701
2535,707
2536,675
2537,706
2538,716
2539,709
2540,703
2541,649
2542,690
2543,750
2544,662
2545,689
2546,727
2547,674
2548,717
2549,711
2550,668
2551,690
2552,694
2553,665
2554,650
2555,709
2556,666
2557,691
2558,725
2559,722
2560,676
2561,662
2562,633
2563,705
2564,696
2565,705
2566,677
2567,691
2568,634
2569,642
2570,676
2571,688
2572,607
2573,671
2574,605
2575,646
2576,652
2577,675
2578,648
2579,678
2580,663
2581,650
2582,663
2583,660
2584,666
2585,645
2586,640
2587,667
2588,624
2589,662
2590,617
2591,632
2592,631
2593,664
2594,613
2595,627
2596,636
2597,640
2598,606
2599,647
2600,631
2601,611
2602,655
2603,644
2604,668
2605,622
2606,601
2607,599
2608,613
2609,591
2610,618
2611,574
2612,593
2613,595
2614,621
2615,639
2616,641
2617,637
2618,613
2619,566
2620,656
2621,610
2622,619
2623,613
2624,556
2625,572
2626,588
2627,602
2628,618
2629,643
2630,603
2631,615
2632,616
2633,617
2634,587
2635,627
2636,583
2637,610
2638,576
2639,617
2640,612
2641,623
2642,595
2643,573
2644,642
2645,596
2646,576
2647,578
2648,576
2649,609
2650,609
2651,574
2652,616
2653,603
2654,578
2655,577
2656,611
2657,540
2658,557
2659,547
2660,524
2661,589
2662,575
2663,576
2664,575
2665,599
2666,558
2667,546
2668,576
2669,541
2670,529
2671,528
2672,558
2673,585
2674,590
2675,576
2676,556
2677,508
2678,591
2679,539
2680,571
2681,584
2682,559
2683,536
2684,565
2685,549
2686,505
2687,498
2688,518
2689,550
2690,525
2691,570
2692,557
2693,566
2694,588
2695,524
2696,496
2697,512
2698,555
2699,527
2700,513
2701,536
2702,554
2703,542
2704,517
2705,576
2706,502
2707,502
2708,529
2709,559
2710,501
2711,538
2712,528
2713,544
2714,492
2715,518
2716,541
2717,510
2718,543
2719,506
2720,489
2721,521
2722,522
2723,517
2724,482
2725,520
2726,508
2727,511
2728,472
2729,510
2730,518
2731,491
2732,498
2733,502
2734,480
2735,526
2736,493
2737,497
2738,500
2739,483
2740,538
2741,481
2742,526
2743,517
2744,472
2745,539
2746,488
2747,462
2748,474
2749,461
2750,485
2751,493
2752,494
2753,521
2754,516
2755,518
2756,483
2757,452
2758,448
2759,482
2760,482
2761,497
2762,487
2763,475
2764,455
2765,503
2766,462
2767,476
2768,506
2769,500
2770,484
2771,470
2772,455
2773,456
2774,479
2775,471
2776,439
2777,462
2778,486
2779,448
2780,470
2781,504
2782,455
2783,481
2784,468
2785,461
2786,480
2787,483
2788,463
2789,442
2790,449
2791,439
2792,463
2793,459
2794,480
2795,467
2796,444
2797,479
2798,452
2799,439
2800,439
2801,442
2802,450
2803,426
2804,451
2805,462
2806,425
2807,412
2808,472
2809,458
2810,450
2811,437
2812,460
2813,448
2814,437
2815,456
2816,428
2817,417
2818,412
2819,465
2820,419
2821,396
2822,486
2823,403
2824,415
2825,422
2826,435
2827,420
2828,410
2829,462
2830,430
2831,434
2832,446
2833,409
2834,421
2835,421
2836,414
2837,409
2838,460
2839,406
2840,414
2841,458
2842,410
2843,441
2844,400
2845,387
2846,438
2847,404
2848,405
2849,402
2850,411
2851,421
2852,394
2853,371
2854,406
2855,430
2856,416
2857,390
2858,393
2859,400
2860,400
2861,439
2862,386
2863,352
2864,426
2865,396
2866,391
2867,430
2868,349
2869,385
2870,401
2871,419
2872,407
2873,382
2874,380
2875,407
2876,406
2877,425
2878,404
2879,424
2880,371
2881,390
2882,341
2883,361
2884,420
2885,378
2886,388
2887,362
2888,394
2889,413
2890,401
2891,399
2892,383
2893,392
2894,380
2895,397
2896,435
2897,449
2898,388
2899,394
2900,367
2901,350
2902,333
2903,365
2904,395
2905,404
2906,367
2907,345
2908,368
2909,365
2910,386
2911,421
2912,356
2913,403
2914,382
2915,363
2916,346
2917,362
2918,363
2919,411
2920,372
2921,356
2922,362
2923,375
2924,395
2925,371
2926,347
2927,342
2928,360
2929,391
2930,371
2931,378
2932,364
2933,362
2934,339
2935,381
2936,330
2937,356
2938,364
2939,365
2940,327
2941,370
2942,373
2943,397
2944,339
2945,312
2946,364
2947,381
2948,346
2949,365
2950,337
2951,337
2952,363
2953,338
2954,361
2955,355
2956,343
2957,361
2958,369
2959,356
2960,327
2961,380
2962,330
2963,352
2964,338
2965,353
2966,320
2967,368
2968,346
2969,335
2970,336
2971,311
2972,318
2973,355
2974,329
2975,349
2976,344
2977,348
2978,346
2979,349
2980,339
2981,338
2982,337
2983,340
2984,369
2985,339
2986,331
2987,303
2988,358
2989,293
2990,298
2991,337
2992,321
2993,337
2994,342
2995,343
2996,304
2997,337
2998,337
2999,326
3000,327
3001,320
3002,354
3003,341
3004,294
3005,286
3006,299
3007,340
3008,326
3009,342
3010,323
3011,333
3012,323
3013,303
3014,345
3015,318
3016,312
3017,349
3018,299
3019,320
3020,306
3021,308
3022,344
3023,322
3024,300
3025,316
3026,309
3027,286
3028,298
3029,301
3030,316
3031,285
3032,304
3033,319
3034,273
3035,287
3036,293
3037,297
3038,317
3039,259
3040,302
3041,301
3042,310
3043,302
3044,288
3045,308
3046,302
3047,285
3048,294
3049,287
3050,273
3051,274
3052,306
3053,309
3054,285
3055,297
3056,308
3057,302
3058,307
3059,316
3060,299
3061,264
3062,282
3063,294
3064,318
3065,273
3066,305
3067,329
3068,324
3069,302
3070,281
3071,286
3072,296
3073,295
3074,314
3075,289
3076,283
3077,291
3078,267
3079,253
3080,267
3081,296
3082,286
3083,289
3084,297
3085,284
3086,264
3087,281
3088,307
3089,286
3090,293
3091,301
3092,275
3093,273
3094,276
3095,241
3096,263
3097,258
3098,267
3099,286
3100,274
3101,271
3102,242
3103,269
3104,274
3105,246
3106,299
3107,248
3108,279
3109,269
3110,275
3111,259
3112,250
3113,297
3114,274
3115,264
3116,282
3117,245
3118,256
3119,281
3120,282
3121,239
3122,270
3123,264
3124,251
3125,253
3126,247
3127,278
3128,261
3129,285
3130,262
3131,249
3132,276
3133,269
3134,248
3135,251
3136,296
3137,256
3138,262
3139,264
3140,257
3141,263
3142,260
3143,249
3144,268
3145,239
3146,261
3147,239
3148,273
3149,275
3150,239
3151,255
3152,255
3153,260
3154,257
3155,290
3156,248
3157,242
3158,256
3159,241
3160,222
3161,244
3162,238
3163,275
3164,233
3165,247
3166,255
3167,236
3168,255
3169,224
3170,276
3171,238
3172,266
3173,236
3174,238
3175,261
3176,246
3177,242
3178,236
3179,267
3180,249
3181,244
3182,239
3183,262
3184,216
3185,235
3186,215
3187,228
3188,219
3189,219
3190,234
3191,237
3192,226
3193,223
3194,225
3195,232
3196,216
3197,228
3198,230
3199,239
3200,222
3201,236
3202,248
3203,235
3204,225
3205,237
3206,235
3207,217
3208,262
3209,212
3210,239
3211,221
3212,230
3213,217
3214,232
3215,234
3216,228
3217,243
3218,239
3219,231
3220,231
3221,220
3222,221
3223,241
3224,245
3225,203
3226,227
3227,199
3228,200
3229,245
3230,223
3231,228
3232,185
3233,193
3234,231
3235,212
3236,215
3237,216
3238,230
3239,247
3240,216
3241,217
3242,227
3243,195
3244,191
3245,202
3246,199
3247,212
3248,220
3249,197
3250,234
3251,184
3252,212
3253,210
3254,221
3255,226
3256,216
3257,194
3258,214
3259,223
3260,187
3261,212
3262,189
3263,194
3264,175
3265,185
3266,207
3267,204
3268,201
3269,201
3270,219
3271,215
3272,227
3273,199
3274,202
3275,218
3276,215
3277,205
3278,207
3279,187
3280,195
3281,225
3282,198
3283,203
3284,230
3285,218
3286,201
3287,211
3288,195
3289,207
3290,205
3291,195
3292,208
3293,193
3294,186
3295,202
3296,196
3297,213
3298,206
3299,204
3300,179
3301,193
3302,182
3303,183
3304,172
3305,166
3306,209
3307,203
3308,176
3309,187
3310,205
3311,159
3312,200
3313,212
3314,188
3315,182
3316,169
3317,182
3318,188
3319,197
3320,184
3321,202
3322,170
3323,191
3324,206
3325,189
3326,200
3327,192
3328,180
3329,219
3330,207
3331,198
3332,210
3333,198
3334,192
3335,165
3336,200
3337,189
3338,171
3339,185
3340,188
3341,160
3342,186
3343,213
3344,163
3345,167
3346,189
3347,181
3348,205
3349,207
3350,191
3351,187
3352,187
3353,156
3354,186
3355,189
3356,172
3357,201
3358,150
3359,168
3360,176
3361,175
3362,174
3363,186
3364,179
3365,189
3366,173
3367,185
3368,170
3369,163
3370,182
3371,180
3372,180
3373,183
3374,168
3375,173
3376,195
3377,174
3378,173
3379,175
3380,168
3381,184
3382,179
3383,176
3384,162
3385,179
3386,168
3387,184
3388,158
3389,147
3390,148
3391,177
3392,165
3393,162
3394,171
3395,162
3396,159
3397,170
3398,160
3399,191
3400,163
3401,173
3402,186
3403,183
3404,174
3405,165
3406,175
3407,176
3408,139
3409,152
3410,166
3411,193
3412,155
3413,148
3414,152
3415,172
3416,147
3417,171
3418,152
3419,139
3420,152
3421,203
3422,167
3423,161
3424,172
3425,141
3426,181
3427,169
3428,158
3429,169
3430,140
3431,150
3432,149
3433,145
3434,166
3435,168
3436,152
3437,164
3438,147
3439,152
3440,163
3441,166
3442,157
3443,155
3444,153
3445,167
3446,158
3447,148
3448,152
3449,167
3450,144
3451,155
3452,141
3453,149
3454,158
3455,158
3456,151
3457,170
3458,149
3459,148
3460,149
3461,150
3462,169
3463,160
3464,174
3465,145
3466,148
3467,147
3468,150
3469,166
3470,175
3471,149
3472,164
3473,141
3474,155
3475,164
3476,162
3477,147
3478,150
3479,141
3480,155
3481,147
3482,146
3483,154
3484,145
3485,143
3486,145
3487,134
3488,138
3489,151
3490,140
3491,146
3492,142
3493,157
3494,142
3495,148
3496,160
3497,139
3498,142
3499,128
3500,146
3501,147
3502,140
3503,147
3504,132
3505,158
3506,147
3507,151
3508,164
3509,147
3510,149
3511,148
3512,153
3513,137
3514,148
3515,142
3516,137
3517,151
3518,144
3519,132
3520,136
3521,134
3522,128
3523,146
3524,149
3525,124
3526,135
3527,142
3528,140
3529,153
3530,147
3531,140
3532,114
3533,147
3534,127
3535,108
3536,115
3537,115
3538,117
3539,150
3540,135
3541,125
3542,150
3543,141
3544,120
3545,127
3546,142
3547,159
3548,161
3549,122
3550,133
3551,145
3552,142
3553,137
3554,143
3555,140
3556,125
3557,121
3558,126
3559,136
3560,128
3561,118
3562,121
3563,127
3564,126
3565,125
3566,126
3567,136
3568,144
3569,157
3570,120
3571,135
3572,143
3573,129
3574,135
3575,132
3576,132
3577,141
3578,130
3579,125
3580,121
3581,137
3582,114
3583,126
3584,127
3585,120
3586,124
3587,100
3588,130
3589,117
3590,106
3591,130
3592,129
3593,136
3594,127
3595,128
3596,121
3597,124
3598,104
3599,120
3600,132
3601,130
3602,130
3603,109
3604,127
3605,112
3606,128
3607,110
3608,116
3609,112
3610,107
3611,129
3612,115
3613,109
3614,118
3615,104
3616,94
3617,134
3618,99
3619,140
3620,131
3621,109
3622,105
3623,105
3624,111
3625,107
3626,129
3627,110
3628,120
3629,103
3630,120
3631,132
3632,113
3633,102
3634,127
3635,117
3636,106
3637,130
3638,124
3639,127
3640,130
3641,124
3642,128
3643,125
3644,106
3645,107
3646,108
3647,109
3648,105
3649,103
3650,116
3651,106
3652,114
3653,122
3654,108
3655,125
3656,106
3657,112
3658,115
3659,112
3660,113
3661,99
3662,118
3663,100
3664,103
3665,107
3666,137
3667,105
3668,99
3669,97
3670,110
3671,116
3672,98
3673,119
3674,113
3675,116
3676,104
3677,111
3678,118
3679,108
3680,105
3681,103
3682,101
3683,107
3684,85
3685,120
3686,122
3687,97
3688,106
3689,118
3690,94
3691,108
3692,123
3693,116
3694,111
3695,99
3696,107
3697,109
3698,108
3699,104
3700,98
3701,114
3702,107
3703,117
3704,124
3705,108
3706,108
3707,83
3708,103
3709,106
3710,123
3711,84
3712,103
3713,93
3714,85
3715,91
3716,99
3717,99
3718,117
3719,102
3720,108
3721,116
3722,101
3723,104
3724,106
3725,106
3726,99
3727,100
3728,99
3729,109
3730,109
3731,113
3732,123
3733,104
3734,94
3735,102
3736,93
3737,132
3738,106
3739,106
3740,104
3741,81
3742,91
3743,93
3744,92
3745,85
3746,93
3747,87
3748,107
3749,113
3750,89
3751,108
3752,99
3753,93
3754,92
3755,98
3756,75
3757,96
3758,107
3759,94
3760,102
3761,98
3762,90
3763,98
3764,105
3765,126
3766,96
3767,101
3768,96
3769,75
3770,86
3771,92
3772,90
3773,104
3774,112
3775,106
3776,93
3777,78
3778,88
3779,99
3780,86
3781,101
3782,104
3783,98
3784,101
3785,104
3786,83
3787,104
3788,96
3789,90
3790,102
3791,84
3792,96
3793,102
3794,100
3795,99
3796,87
3797,85
3798,102
3799,80
3800,109
3801,94
3802,83
3803,86
3804,104
3805,74
3806,77
3807,95
3808,97
3809,80
3810,87
3811,88
3812,98
3813,93
3814,89
3815,88
3816,68
3817,94
3818,78
3819,93
3820,78
3821,96
3822,84
3823,91
3824,88
3825,89
3826,98
3827,89
3828,98
3829,78
3830,88
3831,87
3832,92
3833,80
3834,84
3835,104
3836,111
3837,100
3838,83
3839,103
3840,91
3841,87
3842,79
3843,83
3844,90
3845,82
3846,96
3847,92
3848,93
3849,83
3850,80
3851,67
3852,84
3853,86
3854,72
3855,96
3856,74
3857,88
3858,83
3859,79
3860,75
3861,75
3862,78
3863,82
3864,93
3865,101
3866,89
3867,89
3868,84
3869,86
3870,70
3871,104
3872,91
3873,78
3874,72
3875,62
3876,76
3877,66
3878,80
3879,80
3880,78
3881,66
3882,80
3883,90
3884,95
3885,88
3886,83
3887,82
3888,75
3889,78
3890,90
3891,71
3892,66
3893,84
3894,87
3895,74
3896,76
3897,92
3898,77
3899,75
3900,81
3901,71
3902,85
3903,72
3904,73
3905,90
3906,73
3907,74
3908,78
3909,81
3910,76
3911,84
3912,83
3913,92
3914,62
3915,68
3916,92
3917,87
3918,62
3919,76
3920,73
3921,73
3922,73
3923,82
3924,77
3925,73
3926,76
3927,77
3928,86
3929,87
3930,86
3931,79
3932,75
3933,78
3934,59
3935,76
3936,68
3937,78
3938,69
3939,80
3940,86
3941,82
3942,91
3943,79
3944,72
3945,67
3946,70
3947,80
3948,80
3949,83
3950,62
3951,65
3952,70
3953,56
3954,73
3955,68
3956,67
3957,84
3958,64
3959,69
3960,71
3961,73
3962,83
3963,66
3964,65
3965,65
3966,65
3967,65
3968,68
3969,79
3970,72
3971,75
3972,62
3973,77
3974,72
3975,62
3976,81
3977,77
3978,74
3979,78
3980,61
3981,66
3982,68
3983,67
3984,77
3985,61
3986,64
3987,65
3988,53
3989,62
3990,52
3991,69
3992,65
3993,69
3994,64
3995,65
3996,68
3997,62
3998,58
3999,73
4000,63
4001,57
4002,77
4003,74
4004,60
4005,64
4006,60
4007,53
4008,54
4009,69
4010,76
4011,70
4012,63
4013,62
4014,58
4015,72
4016,77
4017,67
4018,79
4019,80
4020,73
4021,81
4022,75
4023,68
4024,68
4025,52
4026,53
4027,64
4028,78
4029,62
4030,66
4031,61
4032,56
4033,61
4034,76
4035,83
4036,68
4037,57
4038,59
4039,57
4040,72
4041,69
4042,75
4043,68
4044,64
4045,57
4046,72
4047,56
4048,53
4049,68
4050,56
4051,61
4052,76
4053,72
4054,75
4055,57
4056,60
4057,54
4058,61
4059,63
4060,72
4061,65
4062,69
4063,58
4064,65
4065,80
4066,50
4067,57
4068,71
4069,59
4070,55
4071,60
4072,66
4073,52
4074,55
4075,50
4076,81
4077,55
4078,55
4079,56
4080,53
4081,60
4082,52
4083,53
4084,58
4085,60
4086,58
4087,76
4088,57
4089,66
4090,60
4091,63
4092,62
4093,58
4094,56
4095,58
4096,57
4097,61
4098,74
4099,52
4100,49
4101,64
4102,62
4103,57
4104,65
4105,74
4106,71
4107,53
4108,65
4109,63
4110,63
4111,50
4112,42
4113,55
4114,39
4115,65
4116,52
4117,65
4118,64
4119,61
4120,61
4121,56
4122,39
4123,60
4124,60
4125,55
4126,66
4127,35
4128,65
4129,56
4130,58
4131,49
4132,69
4133,61
4134,70
4135,45
4136,52
4137,44
4138,60
4139,57
4140,53
4141,59
4142,57
4143,54
4144,48
4145,50
4146,55
4147,52
4148,67
4149,49
4150,60
4151,51
4152,53
4153,62
4154,53
4155,61
4156,49
4157,57
4158,72
4159,54
4160,49
4161,47
4162,50
4163,46
4164,66
4165,48
4166,52
4167,38
4168,61
4169,60
4170,59
4171,63
4172,57
4173,38
4174,53
4175,56
4176,43
4177,56
4178,42
4179,47
4180,56
4181,46
4182,46
4183,51
4184,47
4185,61
4186,43
4187,58
4188,57
4189,59
4190,58
4191,44
4192,57
4193,55
4194,52
4195,54
4196,60
4197,52
4198,45
4199,46
4200,57
4201,53
4202,56
4203,49
4204,47
4205,47
4206,51
4207,54
4208,58
4209,46
4210,45
4211,58
4212,54
4213,57
4214,46
4215,67
4216,45
4217,42
4218,48
4219,51
4220,56
4221,49
4222,45
4223,37
4224,45
4225,49
4226,39
4227,49
4228,43
4229,60
4230,34
4231,41
4232,49
4233,45
4234,35
4235,40
4236,43
4237,44
4238,34
4239,55
4240,57
4241,33
4242,40
4243,70
4244,42
4245,56
4246,48
4247,43
4248,39
4249,57
4250,56
4251,49
4252,47
4253,54
4254,51
4255,49
4256,45
4257,39
4258,57
4259,49
4260,60
4261,35
4262,44
4263,40
4264,52
4265,34
4266,60
4267,52
4268,43
4269,47
4270,50
4271,36
4272,53
4273,57
4274,41
4275,46
4276,49
4277,37
4278,41
4279,47
4280,44
4281,54
4282,39
4283,42
4284,38
4285,35
4286,56
4287,31
4288,48
4289,47
4290,50
4291,49
4292,56
4293,45
4294,53
4295,49
4296,50
4297,35
4298,47
4299,36
4300,44
4301,52
4302,41
4303,48
4304,49
4305,47
4306,43
4307,48
4308,56
4309,50
4310,59
4311,54
4312,42
4313,40
4314,40
4315,47
4316,41
4317,48
4318,43
4319,41
4320,43
4321,41
4322,39
4323,43
4324,36
4325,51
4326,39
4327,42
4328,42
4329,41
4330,47
4331,37
4332,28
4333,50
4334,43
4335,43
4336,37
4337,40
4338,39
4339,43
4340,41
4341,49
4342,35
4343,42
4344,33
4345,39
4346,48
4347,51
4348,49
4349,47
4350,33
4351,57
4352,51
4353,35
4354,44
4355,40
4356,41
4357,44
4358,43
4359,36
4360,39
4361,54
4362,37
4363,40
4364,41
4365,42
4366,40
4367,39
4368,52
4369,48
4370,42
4371,45
4372,43
4373,39
4374,32
4375,31
4376,37
4377,47
4378,39
4379,42
4380,35
4381,38
4382,39
4383,45
4384,43
4385,33
4386,50
4387,43
4388,29
4389,41
4390,41
4391,33
4392,45
4393,42
4394,48
4395,47
4396,48
4397,33
4398,47
4399,40
4400,42
4401,37
4402,39
4403,44
4404,53
4405,34
4406,32
4407,33
4408,31
4409,39
4410,44
4411,42
4412,47
4413,26
4414,28
4415,34
4416,37
4417,49
4418,44
4419,44
4420,40
4421,29
4422,40
4423,36
4424,39
4425,33
4426,31
4427,45
4428,45
4429,43
4430,51
4431,43
4432,42
4433,39
4434,40
4435,38
4436,36
4437,41
4438,41
4439,37
4440,37
4441,31
4442,46
4443,41
4444,34
4445,33
4446,28
4447,34
4448,31
4449,50
4450,29
4451,34
4452,37
4453,38
4454,46
4455,33
4456,50
4457,28
4458,37
4459,33
4460,38
4461,38
4462,29
4463,42
4464,33
4465,43
4466,41
4467,35
4468,33
4469,32
4470,47
4471,41
4472,32
4473,29
4474,36
4475,31
4476,29
4477,40
4478,27
4479,37
4480,41
4481,30
4482,27
4483,35
4484,31
4485,32
4486,44
4487,37
4488,38
4489,47
4490,39
4491,45
4492,33
4493,48
4494,32
4495,26
4496,30
4497,31
4498,24
4499,25
4500,40
4501,40
4502,32
4503,39
4504,45
4505,38
4506,33
4507,35
4508,32
4509,28
4510,29
4511,33
4512,27
4513,34
4514,39
4515,34
4516,33
4517,35
4518,32
4519,27
4520,29
4521,36
4522,31
4523,31
4524,30
4525,32
4526,46
4527,36
4528,26
4529,32
4530,34
4531,30
4532,30
4533,39
4534,44
4535,39
4536,34
4537,28
4538,31
4539,41
4540,34
4541,31
4542,33
4543,29
4544,28
4545,30
4546,30
4547,31
4548,31
4549,38
4550,28
4551,36
4552,30
4553,24
4554,43
4555,27
4556,38
4557,26
4558,25
4559,28
4560,33
4561,48
4562,30
4563,36
4564,29
4565,29
4566,48
4567,31
4568,26
4569,28
4570,37
4571,27
4572,35
4573,27
4574,27
4575,36
4576,33
4577,24
4578,28
4579,35
4580,36
4581,30
4582,32
4583,32
4584,33
4585,30
4586,23
4587,33
4588,34
4589,29
4590,34
4591,32
4592,32
4593,31
4594,38
4595,27
4596,28
4597,28
4598,35
4599,27
4600,38
4601,25
4602,41
4603,32
4604,29
4605,30
4606,33
4607,31
4608,29
4609,23
4610,29
4611,32
4612,27
4613,30
4614,19
4615,38
4616,25
4617,33
4618,32
4619,26
4620,25
4621,35
4622,27
4623,35
4624,29
4625,31
4626,24
4627,37
4628,32
4629,22
4630,33
4631,30
4632,32
4633,31
4634,36
4635,29
4636,34
4637,29
4638,29
4639,30
4640,30
4641,35
4642,25
4643,31
4644,25
4645,42
4646,30
4647,37
4648,32
4649,34
4650,36
4651,37
4652,20
4653,31
4654,29
4655,32
4656,28
4657,31
4658,29
4659,41
4660,24
4661,28
4662,29
4663,25
4664,33
4665,26
4666,28
4667,23
4668,19
4669,26
4670,24
4671,37
4672,30
4673,26
4674,30
4675,38
4676,29
4677,24
4678,33
4679,31
4680,23
4681,32
4682,19
4683,20
4684,35
4685,34
4686,22
4687,32
4688,29
4689,16
4690,30
4691,35
4692,28
4693,31
4694,29
4695,21
4696,27
4697,32
4698,27
4699,25
4700,23
4701,32
4702,28
4703,34
4704,29
4705,26
4706,22
4707,41
4708,24
4709,21
4710,21
4711,26
4712,39
4713,27
4714,31
4715,22
4716,31
4717,19
4718,21
4719,36
4720,25
4721,35
4722,28
4723,20
4724,27
4725,27
4726,26
4727,27
4728,27
4729,29
4730,29
4731,28
4732,23
4733,33
4734,18
4735,26
4736,26
4737,30
4738,29
4739,23
4740,30
4741,27
4742,35
4743,36
4744,33
4745,27
4746,21
4747,24
4748,27
4749,28
4750,21
4751,10
4752,20
4753,26
4754,23
4755,27
4756,27
4757,30
4758,32
4759,26
4760,24
4761,24
4762,22
4763,24
4764,23
4765,28
4766,22
4767,27
4768,25
4769,29
4770,28
4771,29
4772,29
4773,21
4774,22
4775,28
4776,20
4777,25
4778,19
4779,28
4780,28
4781,23
4782,31
4783,21
4784,30
4785,23
4786,26
4787,23
4788,24
4789,21
4790,29
4791,20
4792,28
4793,30
4794,23
4795,27
4796,28
4797,21
4798,20
4799,30
4800,19
4801,26
4802,31
4803,19
4804,24
4805,24
4806,27
4807,29
4808,27
4809,21
4810,20
4811,33
4812,26
4813,20
4814,34
4815,23
4816,18
4817,25
4818,27
4819,27
4820,35
4821,32
4822,27
4823,32
4824,34
4825,23
4826,23
4827,29
4828,20
4829,26
4830,33
4831,28
4832,35
4833,26
4834,32
4835,25
4836,19
4837,22
4838,35
4839,26
4840,21
4841,20
4842,25
4843,24
4844,27
4845,27
4846,25
4847,25
4848,22
4849,17
4850,29
4851,20
4852,19
4853,26
4854,25
4855,24
4856,22
4857,18
4858,19
4859,31
4860,29
4861,25
4862,20
4863,28
4864,23
4865,31
4866,23
4867,19
4868,29
4869,30
4870,30
4871,21
4872,24
4873,29
4874,21
4875,16
4876,22
4877,19
4878,36
4879,22
4880,23
4881,24
4882,22
4883,25
4884,27
4885,21
4886,15
4887,20
4888,27
4889,24
4890,15
4891,15
4892,21
4893,29
4894,18
4895,23
4896,29
4897,31
4898,26
4899,25
4900,26
4901,19
4902,18
4903,23
4904,14
4905,28
4906,23
4907,22
4908,19
4909,20
4910,26
4911,30
4912,22
4913,24
4914,31
4915,18
4916,21
4917,25
4918,13
4919,23
4920,18
4921,21
4922,14
4923,19
4924,18
4925,26
4926,27
4927,20
4928,26
4929,17
4930,29
4931,16
4932,22
4933,17
4934,29
4935,28
4936,24
4937,25
4938,30
4939,22
4940,20
4941,16
4942,11
4943,20
4944,21
4945,20
4946,18
4947,20
4948,18
4949,32
4950,17
4951,18
4952,23
4953,17
4954,15
4955,26
4956,18
4957,15
4958,28
4959,29
4960,31
4961,19
4962,16
4963,20
4964,32
4965,21
4966,33
4967,30
4968,21
4969,21
4970,26
4971,24
4972,30
4973,24
4974,14
4975,27
4976,23
4977,26
4978,25
4979,19
4980,14
4981,11
4982,19
4983,22
4984,16
4985,27
4986,16
4987,22
4988,16
4989,15
4990,15
4991,19
4992,12
4993,15
4994,27
4995,17
4996,21
4997,20
4998,21
4999,29
5000,19
5001,20
5002,21
5003,15
5004,16
5005,18
5006,19
5007,20
5008,22
5009,23
5010,16
5011,25
5012,30
5013,20
5014,10
5015,14
5016,20
5017,11
5018,35
5019,23
5020,24
5021,23
5022,24
5023,22
5024,19
5025,20
5026,15
5027,22
5028,23
5029,20
5030,17
5031,25
5032,18
5033,23
5034,18
5035,21
5036,23
5037,19
5038,13
5039,25
5040,18
5041,28
5042,18
5043,26
5044,20
5045,23
5046,17
5047,18
5048,19
5049,15
5050,21
5051,17
5052,20
5053,22
5054,25
5055,32
5056,26
5057,13
5058,11
5059,17
5060,13
5061,17
5062,23
5063,15
5064,27
5065,18
5066,22
5067,17
5068,20
5069,18
5070,23
5071,19
5072,14
5073,27
5074,16
5075,16
5076,12
5077,7
5078,18
5079,12
5080,17
5081,22
5082,28
5083,27
5084,12
5085,17
5086,16
5087,25
5088,21
5089,20
5090,25
5091,21
5092,18
5093,19
5094,19
5095,18
5096,28
5097,21
5098,24
5099,15
5100,15
5101,19
5102,18
5103,21
5104,23
5105,19
5106,20
5107,16
5108,16
5109,17
5110,17
5111,17
5112,10
5113,19
5114,16
5115,18
5116,25
5117,20
5118,23
5119,16
5120,32
5121,15
5122,15
5123,9
5124,23
5125,14
5126,16
5127,19
5128,20
5129,16
5130,23
5131,18
5132,16
5133,23
5134,18
5135,22
5136,22
5137,21
5138,21
5139,25
5140,20
5141,17
5142,13
5143,14
5144,17
5145,19
5146,19
5147,12
5148,23
5149,16
5150,21
5151,14
5152,14
5153,12
5154,15
5155,16
5156,21
5157,14
5158,21
5159,19
5160,16
5161,17
5162,23
5163,22
5164,19
5165,16
5166,18
5167,20
5168,26
5169,24
5170,21
5171,16
5172,19
5173,20
5174,14
5175,17
5176,13
5177,18
5178,21
5179,9
5180,20
5181,12
5182,17
5183,20
5184,21
5185,14
5186,23
5187,22
5188,17
5189,18
5190,14
5191,23
5192,17
5193,24
5194,12
5195,19
5196,22
5197,26
5198,18
5199,15
5200,20
5201,15
5202,18
5203,17
5204,16
5205,16
5206,21
5207,26
5208,15
5209,16
5210,18
5211,23
5212,23
5213,23
5214,20
5215,11
5216,22
5217,13
5218,21
5219,13
5220,19
5221,16
5222,24
5223,17
5224,20
5225,16
5226,16
5227,20
5228,23
5229,20
5230,17
5231,20
5232,14
5233,16
5234,13
5235,18
5236,25
5237,17
5238,16
5239,18
5240,17
5241,10
5242,9
5243,18
5244,22
5245,28
5246,21
5247,15
5248,12
5249,22
5250,17
5251,17
5252,9
5253,20
5254,20
5255,17
5256,21
5257,12
5258,18
5259,15
5260,15
5261,14
5262,15
5263,17
5264,15
5265,17
5266,21
5267,15
5268,13
5269,19
5270,17
5271,13
5272,20
5273,18
5274,19
5275,15
5276,18
5277,11
5278,17
5279,10
5280,15
5281,16
5282,17
5283,20
5284,17
5285,17
5286,16
5287,16
5288,14
5289,24
5290,23
5291,21
5292,20
5293,18
5294,23
5295,18
5296,12
5297,21
5298,21
5299,16
5300,23
5301,17
5302,17
5303,15
5304,19
5305,19
5306,11
5307,20
5308,10
5309,17
5310,17
5311,10
5312,13
5313,12
5314,19
5315,14
5316,16
5317,18
5318,26
5319,21
5320,17
5321,23
5322,16
5323,12
5324,24
5325,15
5326,17
5327,13
5328,14
5329,14
5330,16
5331,21
5332,21
5333,15
5334,24
5335,15
5336,19
5337,19
5338,17
5339,12
5340,14
5341,21
5342,13
5343,21
5344,14
5345,20
5346,21
5347,14
5348,12
5349,13
5350,16
5351,17
5352,14
5353,13
5354,17
5355,17
5356,10
5357,14
5358,20
5359,8
5360,16
5361,11
5362,22
5363,17
5364,16
5365,20
5366,14
5367,16
5368,19
5369,16
5370,11
5371,12
5372,13
5373,14
5374,10
5375,13
5376,13
5377,13
5378,16
5379,13
5380,15
5381,20
5382,15
5383,14
5384,13
5385,18
5386,5
5387,7
5388,13
5389,19
5390,19
5391,18
5392,23
5393,14
5394,15
5395,19
5396,17
5397,14
5398,15
5399,14
5400,14
5401,18
5402,13
5403,14
5404,17
5405,19
5406,17
5407,14
5408,23
5409,17
5410,13
5411,14
5412,17
5413,15
5414,16
5415,21
5416,11
5417,16
5418,8
5419,23
5420,15
5421,19
5422,10
5423,9
5424,17
5425,18
5426,12
5427,13
5428,18
5429,17
5430,13
5431,14
5432,12
5433,13
5434,27
5435,20
5436,16
5437,25
5438,18
5439,17
5440,20
5441,22
5442,11
5443,13
5444,8
5445,12
5446,17
5447,10
5448,18
5449,12
5450,17
5451,18
5452,13
5453,19
5454,12
5455,17
5456,7
5457,17
5458,9
5459,21
5460,22
5461,16
5462,19
5463,16
5464,13
5465,9
5466,14
5467,16
5468,11
5469,21
5470,10
5471,15
5472,18
5473,10
5474,8
5475,17
5476,13
5477,15
5478,15
5479,13
5480,17
5481,13
5482,21
5483,13
5484,15
5485,19
5486,19
5487,16
5488,14
5489,15
5490,17
5491,13
5492,13
5493,21
5494,16
5495,13
5496,13
5497,10
5498,9
5499,18
5500,16
5501,12
5502,13
5503,14
5504,20
5505,17
5506,18
5507,12
5508,19
5509,11
5510,21
5511,18
5512,12
5513,14
5514,12
5515,13
5516,21
5517,13
5518,13
5519,13
5520,15
5521,11
5522,17
5523,12
5524,24
5525,14
5526,18
5527,18
5528,11
5529,13
5530,26
5531,23
5532,20
5533,15
5534,16
5535,14
5536,20
5537,17
5538,13
5539,13
5540,20
5541,18
5542,21
5543,15
5544,23
5545,10
5546,11
5547,19
5548,19
5549,23
5550,14
5551,18
5552,17
5553,20
5554,12
5555,20
5556,15
5557,11
5558,13
5559,17
5560,10
5561,15
5562,16
5563,14
5564,14
5565,12
5566,13
5567,11
5568,17
5569,18
5570,14
5571,13
5572,14
5573,11
5574,15
5575,15
5576,13
5577,16
5578,9
5579,19
5580,9
5581,20
5582,15
5583,21
5584,15
5585,11
5586,10
5587,11
5588,16
5589,21
5590,14
5591,18
5592,14
5593,19
5594,14
5595,14
5596,13
5597,10
5598,13
5599,11
5600,10
5601,14
5602,17
5603,11
5604,19
5605,12
5606,17
5607,13
5608,12
5609,12
5610,17
5611,17
5612,17
5613,16
5614,12
5615,18
5616,15
5617,17
5618,10
5619,19
5620,8
5621,10
5622,20
5623,19
5624,15
5625,18
5626,14
5627,12
5628,8
5629,12
5630,16
5631,13
5632,10
5633,8
5634,14
5635,14
5636,11
5637,15
5638,14
5639,14
5640,15
5641,11
5642,19
5643,15
5644,17
5645,10
5646,12
5647,12
5648,17
5649,9
5650,18
5651,5
5652,17
5653,16
5654,18
5655,18
5656,15
5657,18
5658,15
5659,18
5660,18
5661,11
5662,17
5663,12
5664,25
5665,16
5666,10
5667,14
5668,13
5669,14
5670,26
5671,22
5672,19
5673,10
5674,17
5675,12
5676,9
5677,19
5678,13
5679,13
5680,16
5681,14
5682,17
5683,18
5684,9
5685,12
5686,13
5687,15
5688,10
5689,17
5690,9
5691,13
5692,11
5693,13
5694,21
5695,9
5696,13
5697,14
5698,19
5699,16
5700,16
5701,11
5702,21
5703,17
5704,12
5705,17
5706,15
5707,13
5708,14
5709,10
5710,11
5711,11
5712,14
5713,13
5714,10
5715,8
5716,14
5717,12
5718,15
5719,20
5720,13
5721,8
5722,6
5723,13
5724,18
5725,13
5726,20
5727,16
5728,10
5729,11
5730,10
5731,20
5732,11
5733,7
5734,19
5735,12
5736,14
5737,8
5738,19
5739,8
5740,18
5741,11
5742,17
5743,9
5744,14
5745,9
5746,17
5747,12
5748,14
5749,10
5750,5
5751,16
5752,14
5753,11
5754,7
5755,25
5756,13
5757,11
5758,11
5759,15
5760,11
5761,9
5762,15
5763,9
5764,15
5765,12
5766,16
5767,13
5768,19
5769,20
5770,13
5771,15
5772,13
5773,19
5774,10
5775,10
5776,12
5777,11
5778,14
5779,11
5780,9
5781,14
5782,6
5783,10
5784,14
5785,9
5786,14
5787,8
5788,13
5789,17
5790,15
5791,14
5792,18
5793,6
5794,12
5795,16
5796,20
5797,14
5798,15
5799,15
5800,19
5801,23
5802,15
5803,10
5804,13
5805,14
5806,11
5807,10
5808,16
5809,10
5810,20
5811,16
5812,16
5813,7
5814,17
5815,15
5816,9
5817,11
5818,15
5819,16
5820,8
5821,18
5822,16
5823,11
5824,17
5825,12
5826,11
5827,12
5828,21
5829,16
5830,10
5831,10
5832,9
5833,16
5834,11
5835,8
5836,12
5837,19
5838,12
5839,9
5840,16
5841,10
5842,17
5843,16
5844,18
5845,19
5846,16
5847,16
5848,11
5849,9
5850,11
5851,20
5852,19
5853,13
5854,16
5855,14
5856,10
5857,20
5858,8
5859,12
5860,19
5861,16
5862,8
5863,12
5864,16
5865,18
5866,16
5867,13
5868,19
5869,9
5870,22
5871,12
5872,9
5873,12
5874,15
5875,22
5876,16
5877,8
5878,10
5879,14
5880,14
5881,11
5882,17
5883,18
5884,13
5885,17
5886,16
5887,10
5888,11
5889,14
5890,13
5891,14
5892,11
5893,11
5894,16
5895,13
5896,9
5897,13
5898,14
5899,16
5900,13
5901,12
5902,14
5903,14
5904,13
5905,12
5906,6
5907,10
5908,11
5909,13
5910,18
5911,14
5912,16
5913,17
5914,12
5915,15
5916,14
5917,19
5918,11
5919,11
5920,10
5921,6
5922,22
5923,11
5924,27
5925,14
5926,13
5927,17
5928,11
5929,18
5930,12
5931,13
5932,10
5933,11
5934,19
5935,14
5936,13
5937,10
5938,13
5939,15
5940,15
5941,15
5942,19
5943,10
5944,15
5945,13
5946,9
5947,13
5948,13
5949,18
5950,16
5951,13
5952,9
5953,13
5954,13
5955,13
5956,13
5957,8
5958,13
5959,9
5960,20
5961,6
5962,6
5963,13
5964,14
5965,13
5966,15
5967,18
5968,7
5969,15
5970,10
5971,14
5972,9
5973,16
5974,11
5975,12
5976,10
5977,8
5978,13
5979,13
5980,15
5981,8
5982,12
5983,20
5984,10
5985,13
5986,9
5987,12
5988,14
5989,12
5990,17
5991,16
5992,17
5993,13
5994,11
5995,11
5996,18
5997,9
5998,10
5999,15
6000,16
6001,15
6002,14
6003,7
6004,12
6005,9
6006,13
6007,14
6008,22
6009,20
6010,10
6011,8
6012,8
6013,14
6014,19
6015,9
6016,12
6017,12
6018,17
6019,14
6020,14
6021,17
6022,14
6023,8
6024,8
6025,11
6026,8
6027,14
6028,11
6029,9
6030,13
6031,17
6032,12
6033,17
6034,16
6035,7
6036,9
6037,11
6038,12
6039,14
6040,11
6041,8
6042,13
6043,14
6044,15
6045,13
6046,11
6047,15
6048,14
6049,5
6050,18
6051,13
6052,18
6053,10
6054,18
6055,11
6056,13
6057,14
6058,9
6059,15
6060,5
6061,7
6062,12
6063,12
6064,8
6065,17
6066,11
6067,14
6068,18
6069,17
6070,22
6071,17
6072,13
6073,14
6074,15
6075,14
6076,14
6077,12
6078,8
6079,15
6080,15
6081,14
6082,16
6083,9
6084,16
6085,13
6086,18
6087,8
6088,14
6089,11
6090,11
6091,17
6092,11
6093,10
6094,13
6095,11
6096,10
6097,10
6098,22
6099,17
6100,11
6101,12
6102,14
6103,14
6104,12
6105,12
6106,10
6107,10
6108,6
6109,13
6110,11
6111,19
6112,14
6113,8
6114,20
6115,5
6116,8
6117,12
6118,13
6119,12
6120,10
6121,17
6122,9
6123,13
6124,14
6125,11
6126,19
6127,15
6128,11
6129,11
6130,15
6131,9
6132,12
6133,16
6134,10
6135,13
6136,13
6137,10
6138,9
6139,9
6140,10
6141,14
6142,11
6143,16
6144,11
6145,14
6146,10
6147,10
6148,9
6149,14
6150,13
6151,11
6152,14
6153,12
6154,7
6155,9
6156,7
6157,12
6158,13
6159,13
6160,10
6161,9
6162,12
6163,12
6164,16
6165,13
6166,12
6167,18
6168,12
6169,14
6170,15
6171,18
6172,14
6173,16
6174,12
6175,10
6176,12
6177,14
6178,13
6179,13
6180,14
6181,16
6182,9
6183,17
6184,14
6185,6
6186,12
6187,7
6188,19
6189,13
6190,14
6191,16
6192,16
6193,11
6194,18
6195,13
6196,15
6197,13
6198,13
6199,10
6200,11
6201,11
6202,8
6203,18
6204,15
6205,12
6206,14
6207,11
6208,21
6209,13
6210,13
6211,10
6212,18
6213,11
6214,13
6215,11
6216,7
6217,14
6218,19
6219,19
6220,14
6221,7
6222,8
6223,8
6224,16
6225,14
6226,6
6227,18
6228,12
6229,12
6230,13
6231,13
6232,10
6233,12
6234,8
6235,14
6236,6
6237,8
6238,9
6239,9
6240,10
6241,12
6242,20
6243,16
6244,18
6245,17
6246,20
6247,10
6248,12
6249,17
6250,15
6251,11
6252,13
6253,10
6254,13
6255,15
6256,12
6257,19
6258,11
6259,13
6260,14
6261,20
6262,16
6263,12
6264,13
6265,12
6266,9
6267,15
6268,17
6269,12
6270,16
6271,5
6272,11
6273,8
6274,16
6275,12
6276,10
6277,16
6278,10
6279,14
6280,11
6281,14
6282,10
6283,8
6284,10
6285,15
6286,9
6287,15
6288,10
6289,11
6290,15
6291,14
6292,16
6293,9
6294,10
6295,16
6296,18
6297,10
6298,14
6299,14
6300,10
6301,15
6302,12
6303,14
6304,17
6305,14
6306,11
6307,7
6308,12
6309,10
6310,13
6311,10
6312,18
6313,9
6314,20
6315,20
6316,21
6317,6
6318,5
6319,11
6320,19
6321,13
6322,11
6323,18
6324,13
6325,24
6326,14
6327,6
6328,15
6329,12
6330,12
6331,11
6332,14
6333,14
6334,11
6335,17
6336,10
6337,9
6338,13
6339,12
6340,11
6341,8
6342,9
6343,7
6344,17
6345,15
6346,11
6347,10
6348,12
6349,18
6350,13
6351,15
6352,11
6353,13
6354,20
6355,13
6356,16
6357,12
6358,16
6359,11
6360,17
6361,17
6362,20
6363,14
6364,7
6365,15
6366,14
6367,8
6368,12
6369,10
6370,11
6371,18
6372,17
6373,9
6374,18
6375,13
6376,7
6377,14
6378,15
6379,13
6380,15
6381,12
6382,9
6383,13
6384,13
6385,17
6386,18
6387,12
6388,16
6389,11
6390,14
6391,10
6392,16
6393,10
6394,12
6395,11
6396,14
6397,18
6398,15
6399,16
6400,13
6401,17
6402,16
6403,12
6404,12
6405,13
6406,15
6407,12
6408,7
6409,11
6410,16
6411,12
6412,9
6413,10
6414,13
6415,11
6416,15
6417,13
6418,12
6419,12
6420,18
6421,10
6422,13
6423,16
6424,8
6425,14
6426,17
6427,7
6428,14
6429,16
6430,4
6431,18
6432,10
6433,13
6434,8
6435,10
6436,11
6437,17
6438,8
6439,7
6440,7
6441,7
6442,12
6443,15
6444,9
6445,10
6446,13
6447,14
6448,19
6449,11
6450,8
6451,15
6452,20
6453,17
6454,15
6455,7
6456,7
6457,20
6458,15
6459,11
6460,12
6461,11
6462,15
6463,8
6464,12
6465,7
6466,9
6467,17
6468,19
6469,16
6470,12
6471,13
6472,13
6473,18
6474,13
6475,12
6476,16
6477,12
6478,13
6479,13
6480,8
6481,14
6482,15
6483,13
6484,3
6485,15
6486,10
6487,13
6488,10
6489,6
6490,15
6491,12
6492,18
6493,16
6494,13
6495,16
6496,8
6497,17
6498,10
6499,11
6500,7
6501,11
6502,9
6503,13
6504,7
6505,13
6506,5
6507,14
6508,9
6509,14
6510,10
6511,14
6512,13
6513,14
6514,8
6515,17
6516,8
6517,21
6518,15
6519,12
6520,14
6521,16
6522,15
6523,9
6524,10
6525,8
6526,11
6527,11
6528,11
6529,12
6530,7
6531,14
6532,8
6533,11
6534,10
6535,9
6536,14
6537,18
6538,10
6539,13
6540,22
6541,10
6542,10
6543,11
6544,16
6545,12
6546,13
6547,13
6548,10
6549,12
6550,8
6551,8
6552,11
6553,13
6554,15
6555,18
6556,7
6557,12
6558,9
6559,15
6560,12
6561,9
6562,13
6563,11
6564,6
6565,12
6566,16
6567,11
6568,14
6569,10
6570,14
6571,7
6572,14
6573,16
6574,18
6575,15
6576,19
6577,16
6578,18
6579,6
6580,11
6581,10
6582,15
6583,16
6584,4
6585,9
6586,16
6587,12
6588,10
6589,11
6590,11
6591,8
6592,9
6593,9
6594,17
6595,9
6596,13
6597,14
6598,10
6599,10
6600,11
6601,17
6602,17
6603,10
6604,18
6605,10
6606,13
6607,13
6608,17
6609,9
6610,17
6611,11
6612,5
6613,11
6614,13
6615,14
6616,14
6617,10
6618,12
6619,11
6620,17
6621,11
6622,9
6623,6
6624,10
6625,11
6626,21
6627,10
6628,9
6629,10
6630,12
6631,19
6632,15
6633,8
6634,9
6635,9
6636,11
6637,10
6638,14
6639,15
6640,17
6641,16
6642,19
6643,15
6644,10
6645,16
6646,5
6647,9
6648,8
6649,10
6650,11
6651,17
6652,9
6653,7
6654,10
6655,14
6656,11
6657,10
6658,17
6659,11
6660,10
6661,9
6662,11
6663,5
6664,16
6665,13
6666,10
6667,21
6668,16
6669,13
6670,10
6671,9
6672,10
6673,13
6674,14
6675,13
6676,10
6677,17
6678,9
6679,9
6680,18
6681,10
6682,17
6683,13
6684,17
6685,8
6686,10
6687,12
6688,13
6689,7
6690,7
6691,7
6692,15
6693,7
6694,13
6695,18
6696,11
6697,11
6698,12
6699,11
6700,10
6701,11
6702,11
6703,11
6704,13
6705,15
6706,16
6707,8
6708,8
6709,19
6710,8
6711,9
6712,18
6713,12
6714,16
6715,22
6716,7
6717,18
6718,13
6719,11
6720,10
6721,14
6722,11
6723,15
6724,10
6725,15
6726,11
6727,14
6728,7
6729,9
6730,10
6731,8
6732,14
6733,11
6734,16
6735,13
6736,16
6737,11
6738,15
6739,18
6740,12
6741,8
6742,10
6743,12
6744,11
6745,10
6746,11
6747,12
6748,13
6749,9
6750,14
6751,17
6752,12
6753,13
6754,11
6755,6
6756,10
6757,15
6758,9
6759,6
6760,13
6761,10
6762,8
6763,11
6764,12
6765,10
6766,10
6767,12
6768,19
6769,14
6770,7
6771,15
6772,8
6773,13
6774,7
6775,17
6776,8
6777,7
6778,12
6779,11
6780,13
6781,14
6782,6
6783,8
6784,10
6785,15
6786,18
6787,5
6788,12
6789,10
6790,14
6791,13
6792,16
6793,22
6794,7
6795,12
6796,11
6797,6
6798,13
6799,14
6800,14
6801,9
6802,15
6803,8
6804,13
6805,7
6806,14
6807,15
6808,7
6809,19
6810,15
6811,9
6812,10
6813,10
6814,13
6815,10
6816,12
6817,9
6818,13
6819,5
6820,12
6821,8
6822,9
6823,10
6824,9
6825,15
6826,12
6827,16
6828,7
6829,12
6830,10
6831,9
6832,10
6833,14
6834,16
6835,14
6836,14
6837,15
6838,14
6839,13
6840,12
6841,7
6842,9
6843,16
6844,11
6845,14
6846,14
6847,7
6848,14
6849,16
6850,13
6851,20
6852,12
6853,13
6854,5
6855,7
6856,8
6857,13
6858,18
6859,16
6860,10
6861,13
6862,8
6863,6
6864,17
6865,14
6866,16
6867,15
6868,17
6869,19
6870,12
6871,16
6872,19
6873,12
6874,14
6875,13
6876,14
6877,10
6878,11
6879,15
6880,14
6881,12
6882,9
6883,18
6884,10
6885,17
6886,6
6887,13
6888,10
6889,9
6890,12
6891,20
6892,14
6893,13
6894,15
6895,7
6896,6
6897,7
6898,9
6899,11
6900,6
6901,12
6902,17
6903,8
6904,10
6905,14
6906,10
6907,8
6908,10
6909,10
6910,10
6911,9
6912,14
6913,12
6914,8
6915,11
6916,10
6917,16
6918,15
6919,13
6920,14
6921,10
6922,10
6923,8
6924,10
6925,12
6926,5
6927,6
6928,7
6929,10
6930,10
6931,12
6932,9
6933,16
6934,14
6935,10
6936,18
6937,13
6938,11
6939,12
6940,3
6941,16
6942,16
6943,12
6944,13
6945,11
6946,10
6947,8
6948,18
6949,10
6950,13
6951,9
6952,16
6953,12
6954,14
6955,11
6956,8
6957,10
6958,10
6959,12
6960,8
6961,13
6962,15
6963,14
6964,11
6965,9
6966,8
6967,7
6968,9
6969,11
6970,8
6971,13
6972,13
6973,13
6974,7
6975,9
6976,17
6977,16
6978,5
6979,17
6980,11
6981,17
6982,18
6983,11
6984,15
6985,17
6986,7
6987,7
6988,11
6989,20
6990,12
6991,10
6992,7
6993,11
6994,10
6995,11
6996,11
6997,7
6998,10
6999,7
7000,11
7001,14
7002,11
7003,14
7004,8
7005,13
7006,11
7007,14
7008,11
7009,10
7010,14
7011,11
7012,11
7013,11
7014,15
7015,7
7016,14
7017,10
7018,10
7019,16
7020,5
7021,16
7022,13
7023,14
7024,11
7025,20
7026,8
7027,12
7028,7
7029,6
7030,6
7031,11
7032,6
7033,9
7034,16
7035,14
7036,10
7037,11
7038,9
7039,21
7040,12
7041,11
7042,16
7043,17
7044,19
7045,4
7046,14
7047,14
7048,10
7049,14
7050,9
7051,7
7052,17
7053,5
7054,13
7055,11
7056,11
7057,7
7058,14
7059,18
7060,13
7061,11
7062,11
7063,14
7064,13
7065,12
7066,5
7067,8
7068,18
7069,15
7070,9
7071,16
7072,12
7073,13
7074,14
7075,9
7076,12
7077,7
7078,13
7079,7
7080,12
7081,8
7082,10
7083,13
7084,11
7085,7
7086,8
7087,12
7088,10
7089,14
7090,16
7091,9
7092,14
7093,10
7094,8
7095,9
7096,17
7097,13
7098,8
7099,7
7100,16
7101,11
7102,15
7103,10
7104,8
7105,9
7106,12
7107,10
7108,10
7109,6
7110,9
7111,16
7112,15
7113,12
7114,11
7115,5
7116,15
7117,4
7118,8
7119,15
7120,14
7121,10
7122,8
7123,9
7124,15
7125,11
7126,15
7127,7
7128,6
7129,8
7130,10
7131,12
7132,10
7133,12
7134,10
7135,7
7136,10
7137,14
7138,11
7139,15
7140,13
7141,6
7142,13
7143,8
7144,7
7145,13
7146,6
7147,12
7148,12
7149,9
7150,12
7151,10
7152,8
7153,14
7154,17
7155,9
7156,12
7157,13
7158,8
7159,10
7160,6
7161,7
7162,6
7163,6
7164,3
7165,13
7166,7
7167,8
7168,14
7169,7
7170,8
7171,10
7172,11
7173,9
7174,11
7175,6
7176,12
7177,13
7178,7
7179,7
7180,9
7181,8
7182,12
7183,10
7184,7
7185,17
7186,5
7187,6
7188,10
7189,14
7190,8
7191,8
7192,12
7193,9
7194,8
7195,8
7196,10
7197,9
7198,12
7199,19
7200,8
7201,16
7202,10
7203,2
7204,3
7205,14
7206,7
7207,13
7208,10
7209,9
7210,11
7211,8
7212,8
7213,10
7214,15
7215,12
7216,15
7217,7
7218,10
7219,8
7220,17
7221,14
7222,13
7223,8
7224,14
7225,16
7226,5
7227,10
7228,11
7229,14
7230,6
7231,10
7232,8
7233,10
7234,14
7235,11
7236,11
7237,5
7238,10
7239,18
7240,6
7241,13
7242,7
7243,10
7244,9
7245,10
7246,15
7247,7
7248,14
7249,10
7250,14
7251,3
7252,16
7253,12
7254,9
7255,11
7256,3
7257,4
7258,11
7259,11
7260,9
7261,10
7262,7
7263,12
7264,6
7265,11
7266,13
7267,12
7268,6
7269,11
7270,9
7271,8
7272,8
7273,12
7274,14
7275,14
7276,12
7277,13
7278,7
7279,12
7280,8
7281,7
7282,14
7283,10
7284,10
7285,13
7286,17
7287,9
7288,17
7289,16
7290,10
7291,13
7292,8
7293,14
7294,7
7295,15
7296,11
7297,13
7298,5
7299,11
7300,13
7301,9
7302,13
7303,7
7304,6
7305,10
7306,10
7307,10
7308,9
7309,9
7310,6
7311,15
7312,9
7313,13
7314,14
7315,10
7316,9
7317,13
7318,8
7319,18
7320,10
7321,9
7322,14
7323,15
7324,13
7325,8
7326,5
7327,14
7328,8
7329,12
7330,14
7331,11
7332,7
7333,8
7334,9
7335,6
7336,9
7337,14
7338,8
7339,11
7340,5
7341,10
7342,9
7343,9
7344,7
7345,10
7346,7
7347,12
7348,8
7349,11
7350,5
7351,12
7352,9
7353,17
7354,7
7355,12
7356,18
7357,12
7358,14
7359,16
7360,14
7361,9
7362,6
7363,8
7364,11
7365,11
7366,11
7367,9
7368,18
7369,9
7370,9
7371,8
7372,12
7373,10
7374,9
7375,7
7376,13
7377,10
7378,12
7379,15
7380,9
7381,8
7382,12
7383,11
7384,19
7385,9
7386,14
7387,9
7388,8
7389,15
7390,11
7391,7
7392,14
7393,19
7394,9
7395,14
7396,11
7397,10
7398,16
7399,9
7400,15
7401,11
7402,10
7403,13
7404,9
7405,17
7406,11
7407,11
7408,13
7409,10
7410,14
7411,9
7412,13
7413,12
7414,13
7415,10
7416,11
7417,12
7418,8
7419,6
7420,5
7421,6
7422,14
7423,4
7424,10
7425,7
7426,8
7427,12
7428,12
7429,6
7430,8
7431,9
7432,12
7433,9
7434,11
7435,10
7436,11
7437,14
7438,8
7439,11
7440,7
7441,11
7442,10
7443,13
7444,13
7445,10
7446,9
7447,8
7448,13
7449,9
7450,4
7451,13
7452,12
7453,5
7454,16
7455,15
7456,14
7457,13
7458,4
7459,7
7460,16
7461,9
7462,10
7463,5
7464,3
7465,9
7466,7
7467,13
7468,6
7469,12
7470,10
7471,12
7472,11
7473,15
7474,12
7475,14
7476,8
7477,10
7478,12
7479,11
7480,8
7481,10
7482,14
7483,11
7484,6
7485,9
7486,7
7487,13
7488,15
7489,7
7490,5
7491,11
7492,15
7493,9
7494,8
7495,12
7496,15
7497,11
7498,12
7499,10
7500,7
7501,11
7502,15
7503,7
7504,9
7505,9
7506,6
7507,10
7508,7
7509,9
7510,6
7511,8
7512,6
7513,10
7514,8
7515,7
7516,9
7517,9
7518,10
7519,12
7520,8
7521,6
7522,12
7523,8
7524,12
7525,9
7526,13
7527,7
7528,8
7529,13
7530,12
7531,13
7532,11
7533,10
7534,14
7535,5
7536,16
7537,6
7538,14
7539,13
7540,11
7541,10
7542,5
7543,7
7544,11
7545,10
7546,6
7547,15
7548,9
7549,7
7550,6
7551,13
7552,6
7553,8
7554,12
7555,9
7556,6
7557,11
7558,15
7559,10
7560,7
7561,16
7562,11
7563,8
7564,10
7565,13
7566,9
7567,9
7568,11
7569,5
7570,10
7571,10
7572,4
7573,10
7574,12
7575,13
7576,10
7577,8
7578,7
7579,5
7580,15
7581,6
7582,10
7583,6
7584,11
7585,6
7586,12
7587,4
7588,7
7589,14
7590,8
7591,11
7592,5
7593,5
7594,9
7595,10
7596,9
7597,7
7598,12
7599,8
7600,6
7601,8
7602,11
7603,8
7604,8
7605,19
7606,14
7607,12
7608,10
7609,4
7610,6
7611,9
7612,11
7613,3
7614,11
7615,9
7616,12
7617,13
7618,8
7619,12
7620,12
7621,10
7622,8
7623,6
7624,10
7625,13
7626,10
7627,7
7628,8
7629,6
7630,10
7631,11
7632,6
7633,5
7634,8
7635,12
7636,8
7637,5
7638,7
7639,6
7640,7
7641,7
7642,5
7643,9
7644,5
7645,8
7646,15
7647,14
7648,9
7649,11
7650,8
7651,15
7652,9
7653,11
7654,6
7655,18
7656,8
7657,12
7658,4
7659,6
7660,12
7661,6
7662,11
7663,10
7664,8
7665,13
7666,7
7667,10
7668,10
7669,11
7670,13
7671,12
7672,8
7673,9
7674,6
7675,7
7676,6
7677,12
7678,8
7679,7
7680,4
7681,10
7682,10
7683,13
7684,7
7685,8
7686,9
7687,10
7688,9
7689,7
7690,11
7691,14
7692,7
7693,8
7694,7
7695,5
7696,13
7697,7
7698,11
7699,7
7700,7
7701,12
7702,12
7703,9
7704,8
7705,13
7706,8
7707,16
7708,11
7709,10
7710,6
7711,8
7712,10
7713,3
7714,14
7715,11
7716,13
7717,8
7718,6
7719,7
7720,9
7721,7
7722,7
7723,11
7724,8
7725,8
7726,5
7727,10
7728,3
7729,9
7730,8
7731,12
7732,10
7733,11
7734,14
7735,9
7736,5
7737,8
7738,6
7739,10
7740,9
7741,10
7742,10
7743,9
7744,5
7745,14
7746,7
7747,10
7748,12
7749,9
7750,20
7751,5
7752,4
7753,9
7754,12
7755,9
7756,9
7757,8
7758,13
7759,9
7760,9
7761,5
7762,6
7763,6
7764,12
7765,16
7766,5
7767,11
7768,13
7769,10
7770,7
7771,3
7772,10
7773,3
7774,9
7775,10
7776,7
7777,14
7778,6
7779,11
7780,8
7781,9
7782,7
7783,8
7784,7
7785,11
7786,10
7787,3
7788,8
7789,11
7790,6
7791,11
7792,11
7793,5
7794,9
7795,9
7796,10
7797,6
7798,9
7799,5
7800,14
7801,7
7802,8
7803,10
7804,9
7805,9
7806,10
7807,6
7808,9
7809,1
7810,6
7811,9
7812,9
7813,10
7814,10
7815,12
7816,9
7817,7
7818,9
7819,8
7820,9
7821,9
7822,5
7823,4
7824,8
7825,8
7826,6
7827,5
7828,12
7829,8
7830,10
7831,10
7832,12
7833,4
7834,10
7835,7
7836,8
7837,11
7838,7
7839,10
7840,13
7841,15
7842,5
7843,4
7844,4
7845,7
7846,10
7847,7
7848,8
7849,3
7850,14
7851,7
7852,11
7853,8
7854,7
7855,14
7856,16
7857,6
7858,8
7859,6
7860,9
7861,10
7862,8
7863,9
7864,15
7865,7
7866,10
7867,6
7868,17
7869,7
7870,4
7871,9
7872,9
7873,6
7874,7
7875,7
7876,7
7877,11
7878,14
7879,7
7880,10
7881,8
7882,7
7883,5
7884,6
7885,16
7886,9
7887,5
7888,16
7889,10
7890,9
7891,13
7892,10
7893,9
7894,9
7895,9
7896,10
7897,12
7898,10
7899,9
7900,11
7901,11
7902,10
7903,8
7904,11
7905,4
7906,10
7907,8
7908,6
7909,10
7910,11
7911,6
7912,7
7913,6
7914,4
7915,8
7916,5
7917,6
7918,6
7919,9
7920,10
7921,8
7922,4
7923,4
7924,7
7925,7
7926,11
7927,6
7928,6
7929,3
7930,11
7931,10
7932,11
7933,7
7934,10
7935,4
7936,7
7937,8
7938,13
7939,6
7940,9
7941,4
7942,8
7943,8
7944,9
7945,13
7946,7
7947,10
7948,6
7949,7
7950,8
7951,6
7952,5
7953,7
7954,13
7955,9
7956,4
7957,7
7958,10
7959,10
7960,10
7961,7
7962,5
7963,6
7964,5
7965,10
7966,11
7967,9
7968,8
7969,9
7970,6
7971,10
7972,7
7973,4
7974,5
7975,8
7976,7
7977,6
7978,12
7979,4
7980,10
7981,11
7982,8
7983,8
7984,5
7985,6
7986,10
7987,12
7988,10
7989,4
7990,8
7991,8
7992,7
7993,9
7994,7
7995,10
7996,11
7997,12
7998,4
7999,6
8000,10
8001,10
8002,8
8003,11
8004,12
8005,2
8006,4
8007,6
8008,8
8009,12
8010,8
8011,11
8012,10
8013,7
8014,5
8015,10
8016,10
8017,10
8018,11
8019,13
8020,7
8021,11
8022,8
8023,5
8024,6
8025,7
8026,13
8027,7
8028,8
8029,10
8030,7
8031,8
8032,8
8033,5
8034,6
8035,9
8036,8
8037,6
8038,7
8039,10
8040,4
8041,6
8042,12
8043,12
8044,6
8045,12
8046,11
8047,8
8048,10
8049,13
8050,11
8051,16
8052,7
8053,4
8054,15
8055,5
8056,12
8057,6
8058,6
8059,3
8060,8
8061,9
8062,6
8063,14
8064,11
8065,8
8066,9
8067,7
8068,7
8069,9
8070,6
8071,9
8072,9
8073,8
8074,11
8075,6
8076,11
8077,7
8078,15
8079,5
8080,8
8081,9
8082,6
8083,8
8084,9
8085,1
8086,7
8087,10
8088,8
8089,3
8090,6
8091,5
8092,10
8093,11
8094,8
8095,4
8096,10
8097,5
8098,10
8099,9
8100,13
8101,6
8102,7
8103,5
8104,9
8105,12
8106,10
8107,8
8108,12
8109,8
8110,8
8111,10
8112,7
8113,5
8114,10
8115,10
8116,5
8117,8
8118,7
8119,12
8120,10
8121,7
8122,6
8123,2
8124,7
8125,6
8126,6
8127,11
8128,5
8129,10
8130,5
8131,5
8132,9
8133,10
8134,10
8135,5
8136,5
8137,5
8138,4
8139,9
8140,1
8141,7
8142,9
8143,8
8144,14
8145,8
8146,10
8147,10
8148,6
8149,13
8150,12
8151,9
8152,11
8153,6
8154,8
8155,6
8156,12
8157,3
8158,9
8159,6
8160,9
8161,6
8162,6
8163,3
8164,7
8165,3
8166,11
8167,9
8168,4
8169,9
8170,9
8171,7
8172,4
8173,2
8174,3
8175,5
8176,11
8177,8
8178,4
8179,11
8180,5
8181,7
8182,4
8183,8
8184,5
8185,3
8186,1
8187,0
8188,0
8189,0
8190,0
8191,0
8192,0
8193,0
8194,0
